pt,reports,reaction_group,share_of_reports_%
INCORRECT DOSE ADMINISTERED,33533,"Dosing, device & product use",13.28
NAUSEA,29442,Gastrointestinal,11.66
INJECTION SITE PAIN,18413,Injection site,7.29
DIARRHOEA,16549,Gastrointestinal,6.55
VOMITING,16401,Gastrointestinal,6.49
OFF LABEL USE,15807,"Dosing, device & product use",6.26
EXTRA DOSE ADMINISTERED,11620,"Dosing, device & product use",4.6
CONSTIPATION,11554,Gastrointestinal,4.57
DRUG INEFFECTIVE,9668,Lack of effect,3.83
DECREASED APPETITE,8174,Weight & appetite,3.24
BLOOD GLUCOSE INCREASED,7545,"Blood sugar, fluids & kidney",2.99
FATIGUE,7287,"General (tiredness, pain)",2.89
ABDOMINAL PAIN UPPER,7089,Gastrointestinal,2.81
WEIGHT INCREASED,7000,Weight & appetite,2.77
INJECTION SITE HAEMORRHAGE,6819,Injection site,2.7
WEIGHT DECREASED,6299,Weight & appetite,2.49
HEADACHE,5979,Nervous system,2.37
PRODUCT DOSE OMISSION ISSUE,5972,"Dosing, device & product use",2.36
INJECTION SITE ERYTHEMA,5931,Injection site,2.35
DIZZINESS,5602,Nervous system,2.22
ACCIDENTAL UNDERDOSE,5416,"Dosing, device & product use",2.14
ILLNESS,5328,"General (tiredness, pain)",2.11
IMPAIRED GASTRIC EMPTYING,5158,Gastrointestinal,2.04
INAPPROPRIATE SCHEDULE OF PRODUCT ADMINISTRATION,5003,"Dosing, device & product use",1.98
ABDOMINAL PAIN,4992,Gastrointestinal,1.98
DYSPEPSIA,4594,Gastrointestinal,1.82
INJECTION SITE BRUISING,4578,Injection site,1.81
WRONG TECHNIQUE IN PRODUCT USAGE PROCESS,4482,"Dosing, device & product use",1.77
ERUCTATION,4290,Gastrointestinal,1.7
ABDOMINAL DISCOMFORT,4105,Gastrointestinal,1.63
DEHYDRATION,4038,"Blood sugar, fluids & kidney",1.6
MALAISE,3665,"General (tiredness, pain)",1.45
ABDOMINAL DISTENSION,3543,Gastrointestinal,1.4
PRODUCT USE IN UNAPPROVED INDICATION,3456,"Dosing, device & product use",1.37
ALOPECIA,3435,Skin & hair,1.36
ASTHENIA,3374,"General (tiredness, pain)",1.34
INJECTION SITE PRURITUS,3327,Injection site,1.32
HUNGER,3315,Weight & appetite,1.31
GASTROINTESTINAL DISORDER,3034,Gastrointestinal,1.2
VISUAL IMPAIRMENT,2974,Eye,1.18
PANCREATITIS,2831,Pancreas & gallbladder,1.12
ACCIDENTAL OVERDOSE,2703,"Dosing, device & product use",1.07
PAIN,2700,"General (tiredness, pain)",1.07
ANXIETY,2684,Mental health & sleep,1.06
FLATULENCE,2667,Gastrointestinal,1.06
GLYCOSYLATED HAEMOGLOBIN INCREASED,2588,"Blood sugar, fluids & kidney",1.02
GASTROOESOPHAGEAL REFLUX DISEASE,2570,Gastrointestinal,1.02
INJECTION SITE MASS,2568,Injection site,1.02
INCREASED APPETITE,2566,Weight & appetite,1.02
FEELING ABNORMAL,2564,"General (tiredness, pain)",1.02
BLOOD GLUCOSE DECREASED,2412,"Blood sugar, fluids & kidney",0.95
INJECTION SITE REACTION,2365,Injection site,0.94
THERAPEUTIC RESPONSE CHANGED,2236,Lack of effect,0.89
INJECTION SITE SWELLING,2115,Injection site,0.84
VISION BLURRED,2014,Eye,0.8
DEPRESSION,2013,Mental health & sleep,0.8
RASH,1911,Skin & hair,0.76
INJECTION SITE RASH,1882,Injection site,0.75
INTESTINAL OBSTRUCTION,1744,Gastrointestinal,0.69
PRURITUS,1720,Skin & hair,0.68
WEIGHT LOSS POOR,1702,Weight & appetite,0.67
INSOMNIA,1659,Mental health & sleep,0.66
INJECTION SITE INJURY,1643,Injection site,0.65
ARTHRALGIA,1637,"Muscle, bone & injury",0.65
FEEDING DISORDER,1634,Weight & appetite,0.65
PRODUCT USE ISSUE,1577,"Dosing, device & product use",0.62
DYSPNOEA,1522,Infections & breathing,0.6
CHOLELITHIASIS,1518,Pancreas & gallbladder,0.6
PRODUCT ADMINISTERED AT INAPPROPRIATE SITE,1494,"Dosing, device & product use",0.59
PRODUCT STORAGE ERROR,1492,"Dosing, device & product use",0.59
INJURY ASSOCIATED WITH DEVICE,1479,"Dosing, device & product use",0.59
FALL,1469,"Muscle, bone & injury",0.58
BACK PAIN,1466,"Muscle, bone & injury",0.58
INJECTION SITE URTICARIA,1404,Injection site,0.56
FOOD CRAVING,1396,Weight & appetite,0.55
HYPERSENSITIVITY,1342,Allergy,0.53
COVID-19,1318,Infections & breathing,0.52
MUSCLE SPASMS,1294,"Muscle, bone & injury",0.51
NASOPHARYNGITIS,1256,Infections & breathing,0.5
DEPRESSED MOOD,1253,Mental health & sleep,0.5
PALPITATIONS,1237,Heart & circulation,0.49
COUGH,1229,Infections & breathing,0.49
DEVICE MALFUNCTION,1226,"Dosing, device & product use",0.49
OVERDOSE,1187,"Dosing, device & product use",0.47
MATERNAL EXPOSURE DURING PREGNANCY,1156,"Dosing, device & product use",0.46
HYPOGLYCAEMIA,1146,"Blood sugar, fluids & kidney",0.45
PAIN IN EXTREMITY,1125,"General (tiredness, pain)",0.45
TREMOR,1123,Nervous system,0.44
SUICIDAL IDEATION,1068,Mental health & sleep,0.42
MYALGIA,1053,"Muscle, bone & injury",0.42
URTICARIA,1053,Skin & hair,0.42
DRUG INTOLERANCE,1043,Other,0.41
HEART RATE INCREASED,1025,Heart & circulation,0.41
OPTIC ISCHAEMIC NEUROPATHY,1003,Eye,0.4
DEVICE LEAKAGE,948,"Dosing, device & product use",0.38
CONDITION AGGRAVATED,938,"General (tiredness, pain)",0.37
BLOOD PRESSURE INCREASED,938,Heart & circulation,0.37
INFLUENZA,913,Infections & breathing,0.36
HYPERTENSION,911,Heart & circulation,0.36
DRY MOUTH,910,Gastrointestinal,0.36
CEREBROVASCULAR ACCIDENT,895,Heart & circulation,0.35
PARAESTHESIA,892,Nervous system,0.35
EMOTIONAL DISTRESS,892,Mental health & sleep,0.35
PRODUCT COMMUNICATION ISSUE,891,"Dosing, device & product use",0.35
ILEUS,885,Gastrointestinal,0.35
ACUTE KIDNEY INJURY,883,"Blood sugar, fluids & kidney",0.35
LOSS OF CONSCIOUSNESS,883,Nervous system,0.35
SOMNOLENCE,880,Nervous system,0.35
SYNCOPE,877,Nervous system,0.35
CHEST PAIN,874,Heart & circulation,0.35
DRUG HYPERSENSITIVITY,871,Allergy,0.34
HYPERHIDROSIS,871,Skin & hair,0.34
ADVERSE DRUG REACTION,863,Other,0.34
MIGRAINE,859,Nervous system,0.34
MEMORY IMPAIRMENT,854,Nervous system,0.34
CHILLS,833,"General (tiredness, pain)",0.33
BLOOD GLUCOSE ABNORMAL,829,"Blood sugar, fluids & kidney",0.33
PRODUCT DISPENSING ERROR,828,"Dosing, device & product use",0.33
URINARY TRACT INFECTION,816,Infections & breathing,0.32
DEATH,814,"Outcome words (death, hospital)",0.32
GASTROINTESTINAL HYPOMOTILITY,795,Gastrointestinal,0.31
PYREXIA,782,"General (tiredness, pain)",0.31
UNDERDOSE,777,"Dosing, device & product use",0.31
HYPOACUSIS,760,Nervous system,0.3
HYPOTENSION,753,Heart & circulation,0.3
CATARACT,749,Eye,0.3
TASTE DISORDER,721,Nervous system,0.29
LETHARGY,720,"General (tiredness, pain)",0.29
HYPOAESTHESIA,691,Nervous system,0.27
HYPOPHAGIA,686,Weight & appetite,0.27
INTENTIONAL PRODUCT MISUSE,681,"Dosing, device & product use",0.27
NO ADVERSE EVENT,678,Other,0.27
PANCREATITIS ACUTE,678,Pancreas & gallbladder,0.27
GAIT DISTURBANCE,660,"Muscle, bone & injury",0.26
DYSGEUSIA,638,Nervous system,0.25
INJECTION SITE DISCHARGE,618,Injection site,0.24
BLINDNESS,617,Eye,0.24
PERIPHERAL SWELLING,608,"General (tiredness, pain)",0.24
MYOCARDIAL INFARCTION,598,Heart & circulation,0.24
INJECTION SITE IRRITATION,594,Injection site,0.24
BLOOD PRESSURE DECREASED,591,Heart & circulation,0.23
NEPHROLITHIASIS,589,"Blood sugar, fluids & kidney",0.23
RETCHING,588,Gastrointestinal,0.23
INJECTION SITE HYPERSENSITIVITY,586,Injection site,0.23
CHOLECYSTITIS,582,Pancreas & gallbladder,0.23
INTERCEPTED PRODUCT DISPENSING ERROR,580,"Dosing, device & product use",0.23
ATRIAL FIBRILLATION,579,Heart & circulation,0.23
PANIC ATTACK,565,Mental health & sleep,0.22
INTERCEPTED PRODUCT SELECTION ERROR,562,"Dosing, device & product use",0.22
DIABETES MELLITUS INADEQUATE CONTROL,543,Lack of effect,0.21
INJECTION SITE DISCOMFORT,539,Injection site,0.21
UNEVALUABLE EVENT,537,Other,0.21
DRUG INTERACTION,530,"Dosing, device & product use",0.21
SURGERY,530,Other,0.21
CARDIAC DISORDER,529,Heart & circulation,0.21
BRAIN FOG,507,Nervous system,0.2
SENSITIVE SKIN,504,Skin & hair,0.2
TACHYCARDIA,499,Heart & circulation,0.2
DYSPHAGIA,498,Gastrointestinal,0.2
DIABETIC KETOACIDOSIS,493,"Blood sugar, fluids & kidney",0.2
GASTRITIS,493,Gastrointestinal,0.2
GALLBLADDER DISORDER,492,Pancreas & gallbladder,0.19
VERTIGO,490,Nervous system,0.19
BURNING SENSATION,489,Nervous system,0.19
MUSCLE ATROPHY,488,"Muscle, bone & injury",0.19
INFLUENZA LIKE ILLNESS,488,Infections & breathing,0.19
NECK PAIN,488,"General (tiredness, pain)",0.19
HOSPITALISATION,487,"Outcome words (death, hospital)",0.19
STRESS,486,Mental health & sleep,0.19
INJECTION SITE VESICLES,484,Injection site,0.19
CONFUSIONAL STATE,481,Nervous system,0.19
PRODUCT TAMPERING,474,"Dosing, device & product use",0.19
PNEUMONIA,471,Infections & breathing,0.19
OROPHARYNGEAL PAIN,469,"General (tiredness, pain)",0.19
DISCOMFORT,466,"General (tiredness, pain)",0.18
DYSPHONIA,465,Other,0.18
CONTUSION,465,"Muscle, bone & injury",0.18
PANCREATIC CARCINOMA,461,Pancreas & gallbladder,0.18
NEUROPATHY PERIPHERAL,461,Nervous system,0.18
INCORRECT DOSE ADMINISTERED BY DEVICE,449,"Dosing, device & product use",0.18
MUSCULAR WEAKNESS,448,"Muscle, bone & injury",0.18
GASTROENTERITIS VIRAL,436,Gastrointestinal,0.17
ARTHRITIS,436,"Muscle, bone & injury",0.17
COLITIS,435,Gastrointestinal,0.17
RENAL DISORDER,429,"Blood sugar, fluids & kidney",0.17
RENAL FAILURE,424,"Blood sugar, fluids & kidney",0.17
SWELLING,421,"General (tiredness, pain)",0.17
ALLODYNIA,420,Nervous system,0.17
MOBILITY DECREASED,419,"Muscle, bone & injury",0.17
GASTROINTESTINAL SOUNDS ABNORMAL,419,Gastrointestinal,0.17
LIPASE INCREASED,417,Pancreas & gallbladder,0.17
MALNUTRITION,415,Weight & appetite,0.16
NERVOUSNESS,414,Mental health & sleep,0.16
NEOPLASM MALIGNANT,406,Cancer & thyroid,0.16
RENAL IMPAIRMENT,405,"Blood sugar, fluids & kidney",0.16
PAIN OF SKIN,403,Skin & hair,0.16
DIVERTICULITIS,402,Gastrointestinal,0.16
DISABILITY,398,Other,0.16
HEPATIC ENZYME INCREASED,395,Liver,0.16
BLOOD GLUCOSE FLUCTUATION,391,"Blood sugar, fluids & kidney",0.15
POLLAKIURIA,390,"Blood sugar, fluids & kidney",0.15
APPETITE DISORDER,389,Weight & appetite,0.15
ERYTHEMA,387,Skin & hair,0.15
CYCLIC VOMITING SYNDROME,386,Gastrointestinal,0.15
PULMONARY EMBOLISM,385,Heart & circulation,0.15
CHEST DISCOMFORT,384,Heart & circulation,0.15
PRODUCT LABEL CONFUSION,381,"Dosing, device & product use",0.15
RASH PRURITIC,373,Skin & hair,0.15
FEELING COLD,368,"General (tiredness, pain)",0.15
"SLEEP DISORDER DUE TO GENERAL MEDICAL CONDITION, INSOMNIA TYPE",368,Mental health & sleep,0.15
SEIZURE,364,Nervous system,0.14
INJECTION SITE WARMTH,361,Injection site,0.14
SEPSIS,356,Infections & breathing,0.14
GASTROINTESTINAL PAIN,353,Gastrointestinal,0.14
ANAPHYLACTIC REACTION,350,Allergy,0.14
PRODUCT PRESCRIBING ERROR,348,"Dosing, device & product use",0.14
DRUG DOSE TITRATION NOT PERFORMED,348,"Dosing, device & product use",0.14
INJECTION SITE COLDNESS,344,Injection site,0.14
HAEMATOCHEZIA,343,Gastrointestinal,0.14
SMALL INTESTINAL OBSTRUCTION,339,Gastrointestinal,0.13
THIRST,338,"Blood sugar, fluids & kidney",0.13
ABNORMAL LOSS OF WEIGHT,337,Weight & appetite,0.13
LYMPHADENOPATHY,333,Other,0.13
WEIGHT FLUCTUATION,330,Weight & appetite,0.13
BREAST CANCER,329,Cancer & thyroid,0.13
BALANCE DISORDER,328,Nervous system,0.13
PRESYNCOPE,327,Nervous system,0.13
VAGINAL HAEMORRHAGE,327,Other,0.13
SKIN BURNING SENSATION,327,Nervous system,0.13
COUNTERFEIT PRODUCT ADMINISTERED,322,"Dosing, device & product use",0.13
DRUG EFFECT LESS THAN EXPECTED,322,Lack of effect,0.13
INCORRECT ROUTE OF PRODUCT ADMINISTRATION,321,"Dosing, device & product use",0.13
SINUSITIS,317,Infections & breathing,0.13
SLEEP DISORDER,317,Mental health & sleep,0.13
HICCUPS,316,Gastrointestinal,0.13
APPENDICITIS,314,Gastrointestinal,0.12
ABORTION SPONTANEOUS,313,Other,0.12
BOWEL MOVEMENT IRREGULARITY,310,Gastrointestinal,0.12
THERAPY CESSATION,309,"Dosing, device & product use",0.12
IRRITABILITY,308,Mental health & sleep,0.12
CHOLECYSTECTOMY,307,Pancreas & gallbladder,0.12
ILL-DEFINED DISORDER,306,Other,0.12
ROAD TRAFFIC ACCIDENT,302,"Muscle, bone & injury",0.12
FEELING HOT,300,"General (tiredness, pain)",0.12
BILIARY COLIC,298,Pancreas & gallbladder,0.12
BLOOD CHOLESTEROL INCREASED,297,Pancreas & gallbladder,0.12
HOT FLUSH,294,"General (tiredness, pain)",0.12
ALANINE AMINOTRANSFERASE INCREASED,290,Liver,0.11
VOMITING PROJECTILE,289,Gastrointestinal,0.11
HAEMATEMESIS,288,Gastrointestinal,0.11
SUSPECTED COUNTERFEIT PRODUCT,284,"Dosing, device & product use",0.11
PRODUCT QUALITY ISSUE,284,"Dosing, device & product use",0.11
BLINDNESS UNILATERAL,284,Eye,0.11
FREQUENT BOWEL MOVEMENTS,284,Gastrointestinal,0.11
EATING DISORDER,281,Weight & appetite,0.11
LIP SWELLING,281,Allergy,0.11
EYE DISORDER,277,Eye,0.11
THYROID MASS,276,Cancer & thyroid,0.11
INJECTION SITE EXTRAVASATION,275,Injection site,0.11
CORRECTIVE LENS USER,273,Eye,0.11
INJECTION SITE DISCOLOURATION,273,Injection site,0.11
FLUID INTAKE REDUCED,270,Weight & appetite,0.11
DRUG DOSE OMISSION BY DEVICE,270,"Dosing, device & product use",0.11
MENTAL DISORDER,267,Mental health & sleep,0.11
SWELLING FACE,266,Allergy,0.11
BLOOD POTASSIUM DECREASED,260,"Blood sugar, fluids & kidney",0.1
DEEP VEIN THROMBOSIS,257,Heart & circulation,0.1
RHINORRHOEA,256,Infections & breathing,0.1
GASTROENTERITIS,252,Gastrointestinal,0.1
TREATMENT FAILURE,252,Lack of effect,0.1
COLD SWEAT,250,"General (tiredness, pain)",0.1
CHRONIC KIDNEY DISEASE,249,"Blood sugar, fluids & kidney",0.1
AGEUSIA,246,Nervous system,0.1
CATARACT OPERATION,243,Eye,0.1
DEVICE ISSUE,243,"Dosing, device & product use",0.1
VIRAL INFECTION,243,Infections & breathing,0.1
TINNITUS,243,Nervous system,0.1
WRONG TECHNIQUE IN DEVICE USAGE PROCESS,242,"Dosing, device & product use",0.1
GLYCOSYLATED HAEMOGLOBIN DECREASED,240,"Blood sugar, fluids & kidney",0.1
INFLAMMATION,240,"General (tiredness, pain)",0.1
THROAT IRRITATION,239,Infections & breathing,0.09
THROMBOSIS,239,Heart & circulation,0.09
GENERAL PHYSICAL HEALTH DETERIORATION,238,"General (tiredness, pain)",0.09
NEURALGIA,238,Nervous system,0.09
FOOD POISONING,238,Gastrointestinal,0.09
INFECTION,236,Infections & breathing,0.09
FEELING JITTERY,235,Mental health & sleep,0.09
IRRITABLE BOWEL SYNDROME,232,Gastrointestinal,0.09
HEPATIC STEATOSIS,230,Liver,0.09
MUSCULOSKELETAL STIFFNESS,230,"Muscle, bone & injury",0.09
HYPERPHAGIA,228,Weight & appetite,0.09
RECTAL HAEMORRHAGE,227,Gastrointestinal,0.09
THERAPEUTIC PRODUCT EFFECT DECREASED,225,"Dosing, device & product use",0.09
ANGIOEDEMA,225,Allergy,0.09
MOOD ALTERED,225,Mental health & sleep,0.09
KETOACIDOSIS,224,"Blood sugar, fluids & kidney",0.09
AMNESIA,224,Nervous system,0.09
THYROID CANCER,224,Cancer & thyroid,0.09
INJECTION SITE INDENTATION,223,Injection site,0.09
HYPOKALAEMIA,223,"Blood sugar, fluids & kidney",0.09
GLOMERULAR FILTRATION RATE DECREASED,222,"Blood sugar, fluids & kidney",0.09
FAECES DISCOLOURED,222,Gastrointestinal,0.09
HERPES ZOSTER,219,Infections & breathing,0.09
EYE PAIN,217,Eye,0.09
LIMB INJURY,216,"Muscle, bone & injury",0.09
OBSTRUCTIVE PANCREATITIS,215,Pancreas & gallbladder,0.09
BLOOD CREATININE INCREASED,214,"Blood sugar, fluids & kidney",0.08
JOINT SWELLING,212,"Muscle, bone & injury",0.08
FOOD AVERSION,210,Weight & appetite,0.08
GAIT INABILITY,208,"Muscle, bone & injury",0.08
DRY EYE,208,Eye,0.08
INJECTION SITE INDURATION,207,Injection site,0.08
COLITIS ISCHAEMIC,205,Gastrointestinal,0.08
MEDICATION ERROR,204,"Dosing, device & product use",0.08
JAUNDICE,202,Liver,0.08
DRUG TITRATION ERROR,202,"Dosing, device & product use",0.08
DIABETIC RETINOPATHY,200,Eye,0.08
PANCREATIC DISORDER,200,Pancreas & gallbladder,0.08
CHROMATURIA,198,Other,0.08
KNEE ARTHROPLASTY,198,"Muscle, bone & injury",0.08
HAEMORRHAGE,198,Other,0.08
ACCIDENTAL EXPOSURE TO PRODUCT,197,"Dosing, device & product use",0.08
GLYCOSYLATED HAEMOGLOBIN ABNORMAL,195,"Blood sugar, fluids & kidney",0.08
SLEEP DISORDER DUE TO A GENERAL MEDICAL CONDITION,194,Mental health & sleep,0.08
ARTHROPATHY,194,"Muscle, bone & injury",0.08
ASTHMA,193,Infections & breathing,0.08
INJECTION SITE PARAESTHESIA,192,Injection site,0.08
HEAVY MENSTRUAL BLEEDING,190,Other,0.08
CARDIAC ARREST,190,Heart & circulation,0.08
SLEEP APNOEA SYNDROME,189,Mental health & sleep,0.07
LIVER DISORDER,188,Liver,0.07
RENAL PAIN,187,"Blood sugar, fluids & kidney",0.07
HEAD INJURY,186,"Muscle, bone & injury",0.07
ARRHYTHMIA,186,Heart & circulation,0.07
THYROID DISORDER,185,Cancer & thyroid,0.07
ANAEMIA,184,Other,0.07
DEVICE FAILURE,183,"Dosing, device & product use",0.07
CHOLECYSTITIS ACUTE,183,Pancreas & gallbladder,0.07
HYPERSOMNIA,182,Other,0.07
POSTMENOPAUSAL HAEMORRHAGE,182,Other,0.07
FLUSHING,181,Other,0.07
PRESCRIPTION DRUG USED WITHOUT A PRESCRIPTION,181,"Dosing, device & product use",0.07
HERNIA,180,Other,0.07
ABDOMINAL PAIN LOWER,180,Gastrointestinal,0.07
FUNGAL INFECTION,178,Infections & breathing,0.07
SPEECH DISORDER,178,Other,0.07
WRONG PATIENT RECEIVED PRODUCT,178,"Dosing, device & product use",0.07
NEEDLE ISSUE,178,"Dosing, device & product use",0.07
THERAPY CHANGE,177,"Dosing, device & product use",0.07
INTENTIONAL DOSE OMISSION,177,"Dosing, device & product use",0.07
DRY SKIN,177,Skin & hair,0.07
ASPARTATE AMINOTRANSFERASE INCREASED,177,Liver,0.07
DIPLOPIA,177,Eye,0.07
INTERCEPTED PRODUCT PRESCRIBING ERROR,176,"Dosing, device & product use",0.07
CARDIAC FAILURE,176,Heart & circulation,0.07
FLUID RETENTION,175,Other,0.07
HYPERAESTHESIA,175,Other,0.07
DEMENTIA,173,Other,0.07
RASH ERYTHEMATOUS,173,Skin & hair,0.07
LOSS OF PERSONAL INDEPENDENCE IN DAILY ACTIVITIES,172,Other,0.07
INJECTION SITE INFLAMMATION,171,Injection site,0.07
TRANSIENT ISCHAEMIC ATTACK,170,Heart & circulation,0.07
VITREOUS FLOATERS,169,Eye,0.07
BRONCHITIS,168,Infections & breathing,0.07
PANCREATITIS NECROTISING,168,Pancreas & gallbladder,0.07
GALLBLADDER INJURY,168,Pancreas & gallbladder,0.07
ERECTILE DYSFUNCTION,167,Other,0.07
PRODUCT STORAGE ISSUE,167,"Dosing, device & product use",0.07
NASAL CONGESTION,166,Other,0.07
MUSCULOSKELETAL CHEST PAIN,163,Heart & circulation,0.06
INSURANCE ISSUE,162,Other,0.06
SLUGGISHNESS,162,Other,0.06
EUGLYCAEMIC DIABETIC KETOACIDOSIS,161,"Blood sugar, fluids & kidney",0.06
SWOLLEN TONGUE,159,Other,0.06
NECK MASS,159,Other,0.06
FEAR OF INJECTION,159,Other,0.06
DISTURBANCE IN ATTENTION,158,Other,0.06
EXPIRED PRODUCT ADMINISTERED,158,"Dosing, device & product use",0.06
DIABETES MELLITUS,158,Other,0.06
HYPERGLYCAEMIA,158,"Blood sugar, fluids & kidney",0.06
POOR QUALITY SLEEP,157,Mental health & sleep,0.06
THERAPY INTERRUPTED,156,"Dosing, device & product use",0.06
AMYLASE INCREASED,156,Pancreas & gallbladder,0.06
INJURY,155,"Muscle, bone & injury",0.06
OROPHARYNGEAL DISCOMFORT,154,"General (tiredness, pain)",0.06
LIMB DISCOMFORT,154,"General (tiredness, pain)",0.06
MOOD SWINGS,153,Mental health & sleep,0.06
DYSURIA,153,Other,0.06
INTENTIONAL PRODUCT USE ISSUE,152,"Dosing, device & product use",0.06
SKIN DISCOLOURATION,152,Skin & hair,0.06
EPISTAXIS,152,Other,0.06
PAROSMIA,151,Other,0.06
THROAT TIGHTNESS,151,Infections & breathing,0.06
BONE PAIN,149,"General (tiredness, pain)",0.06
DYSSTASIA,149,Other,0.06
EARLY SATIETY,148,Weight & appetite,0.06
HEPATITIS,148,Liver,0.06
GOUT,148,Other,0.06
RETINAL DETACHMENT,146,Eye,0.06
SPINAL OPERATION,146,Other,0.06
DEVICE DEFECTIVE,143,"Dosing, device & product use",0.06
SKIN IRRITATION,142,Skin & hair,0.06
HAEMORRHOIDS,142,Other,0.06
CARDIAC FAILURE CONGESTIVE,141,Heart & circulation,0.06
EYE SWELLING,140,Eye,0.06
PHARYNGEAL SWELLING,140,"General (tiredness, pain)",0.06
RHEUMATOID ARTHRITIS,139,"Muscle, bone & injury",0.06
MUSCULOSKELETAL DISCOMFORT,139,"Muscle, bone & injury",0.06
EYE HAEMORRHAGE,138,Eye,0.05
BLISTER,137,Other,0.05
INCORRECT DOSE ADMINISTERED BY PRODUCT,136,"Dosing, device & product use",0.05
KIDNEY INFECTION,136,Infections & breathing,0.05
MACULAR DEGENERATION,136,Eye,0.05
IMPAIRED WORK ABILITY,136,Other,0.05
RETINOPATHY,135,Eye,0.05
BLOOD PRESSURE ABNORMAL,135,Heart & circulation,0.05
SUNBURN,135,Other,0.05
NIGHTMARE,134,Other,0.05
REGURGITATION,134,Other,0.05
FOETAL EXPOSURE DURING PREGNANCY,134,"Dosing, device & product use",0.05
OSTEOARTHRITIS,134,"Muscle, bone & injury",0.05
ANAL INCONTINENCE,134,Other,0.05
DRUG-INDUCED LIVER INJURY,133,Liver,0.05
LIVER INJURY,133,Liver,0.05
PRODUCT USE COMPLAINT,132,"Dosing, device & product use",0.05
WHITE BLOOD CELL COUNT INCREASED,131,Other,0.05
ASPIRATION,131,Other,0.05
PARAESTHESIA ORAL,131,Nervous system,0.05
COGNITIVE DISORDER,131,Other,0.05
HYPERTHYROIDISM,131,Cancer & thyroid,0.05
ANAPHYLACTIC SHOCK,131,Allergy,0.05
METABOLIC ACIDOSIS,130,Other,0.05
PAPILLARY THYROID CANCER,130,Cancer & thyroid,0.05
AGITATION,130,Other,0.05
MENSTRUATION IRREGULAR,130,Other,0.05
BLOOD URINE PRESENT,129,Other,0.05
LIVER FUNCTION TEST INCREASED,129,Liver,0.05
JOINT INJURY,128,"Muscle, bone & injury",0.05
HIATUS HERNIA,128,Other,0.05
GASTRIC HYPOMOTILITY,128,Gastrointestinal,0.05
ILEUS PARALYTIC,127,Gastrointestinal,0.05
DISORIENTATION,126,Other,0.05
INTERMENSTRUAL BLEEDING,126,Other,0.05
EYE IRRITATION,125,Eye,0.05
BILE DUCT STONE,125,Other,0.05
DEAFNESS,124,Nervous system,0.05
NIGHT SWEATS,124,Other,0.05
ANKLE FRACTURE,124,"Muscle, bone & injury",0.05
APATHY,124,Other,0.05
OCULAR HYPERAEMIA,123,Other,0.05
ACCIDENT,123,Other,0.05
ANGER,123,Other,0.05
GLAUCOMA,122,Other,0.05
DEVICE MECHANICAL ISSUE,122,"Dosing, device & product use",0.05
SNEEZING,122,Other,0.05
SENSATION OF FOREIGN BODY,122,Other,0.05
PERIPHERAL COLDNESS,121,Other,0.05
CHOLANGITIS,121,Other,0.05
CELLULITIS,120,Other,0.05
KNEE OPERATION,119,Other,0.05
HEPATIC CIRRHOSIS,119,Liver,0.05
THERAPY NON-RESPONDER,118,Lack of effect,0.05
ELECTROLYTE IMBALANCE,118,Nervous system,0.05
HYPOAESTHESIA ORAL,117,Nervous system,0.05
PANCREATIC ENZYMES INCREASED,117,Pancreas & gallbladder,0.05
ACNE,117,Other,0.05
FAECALOMA,117,Other,0.05
PRODUCT PACKAGING QUANTITY ISSUE,116,"Dosing, device & product use",0.05
SEASONAL ALLERGY,116,Allergy,0.05
LIVER FUNCTION TEST ABNORMAL,115,Liver,0.05
DYSAESTHESIA,115,Other,0.05
PRODUCT DISPENSING ISSUE,115,"Dosing, device & product use",0.05
BLOOD TRIGLYCERIDES INCREASED,115,Other,0.05
APHONIA,114,Other,0.05
HYPONATRAEMIA,113,Other,0.04
URINARY RETENTION,113,Other,0.04
INFREQUENT BOWEL MOVEMENTS,112,Gastrointestinal,0.04
HEAD DISCOMFORT,112,"General (tiredness, pain)",0.04
MENSTRUAL DISORDER,112,Other,0.04
CRYING,112,Other,0.04
WRONG PRODUCT ADMINISTERED,110,"Dosing, device & product use",0.04
FIBROMYALGIA,110,"Muscle, bone & injury",0.04
BACK DISORDER,110,Other,0.04
SKIN LAXITY,109,Skin & hair,0.04
FOOT FRACTURE,108,"Muscle, bone & injury",0.04
MASS,108,Other,0.04
OEDEMA PERIPHERAL,108,Other,0.04
OPTIC NEURITIS,108,Eye,0.04
ECZEMA,108,Other,0.04
FAECES HARD,108,Gastrointestinal,0.04
DEVICE DELIVERY SYSTEM ISSUE,107,"Dosing, device & product use",0.04
ABNORMAL DREAMS,107,Other,0.04
GASTROINTESTINAL MOTILITY DISORDER,107,Gastrointestinal,0.04
DIZZINESS POSTURAL,106,Nervous system,0.04
GASTROINTESTINAL HAEMORRHAGE,106,Gastrointestinal,0.04
SUICIDE ATTEMPT,105,Mental health & sleep,0.04
INJECTION SITE HYPOAESTHESIA,105,Injection site,0.04
HALLUCINATION,105,Other,0.04
INJECTION SITE SCAR,103,Injection site,0.04
BLINDNESS TRANSIENT,103,Eye,0.04
SKIN REACTION,102,Skin & hair,0.04
HEART RATE DECREASED,101,Heart & circulation,0.04
MENTAL IMPAIRMENT,101,Mental health & sleep,0.04
SEPTIC SHOCK,101,Other,0.04
HYPOTHYROIDISM,101,Cancer & thyroid,0.04
MENSTRUATION DELAYED,100,Other,0.04
BLOOD SODIUM DECREASED,100,Other,0.04
SCIATICA,99,Other,0.04
LOWER LIMB FRACTURE,99,"Muscle, bone & injury",0.04
MEDULLARY THYROID CANCER,99,Cancer & thyroid,0.04
DIARRHOEA HAEMORRHAGIC,98,Gastrointestinal,0.04
EYE PRURITUS,98,Eye,0.04
ADVERSE EVENT,97,Other,0.04
DEPRESSION SUICIDAL,97,Mental health & sleep,0.04
SKIN EXFOLIATION,97,Skin & hair,0.04
CHOLECYSTITIS INFECTIVE,96,Pancreas & gallbladder,0.04
PRODUCT AVAILABILITY ISSUE,96,"Dosing, device & product use",0.04
RETINAL HAEMORRHAGE,96,Eye,0.04
ORTHOSTATIC HYPOTENSION,96,Heart & circulation,0.04
BIPOLAR DISORDER,95,Other,0.04
FOOD INTOLERANCE,95,Other,0.04
INTERVERTEBRAL DISC PROTRUSION,95,Other,0.04
MULTIPLE ORGAN DYSFUNCTION SYNDROME,94,Other,0.04
ABNORMAL FAECES,94,Gastrointestinal,0.04
HIP FRACTURE,94,"Muscle, bone & injury",0.04
UPPER LIMB FRACTURE,94,"Muscle, bone & injury",0.04
PALLOR,93,Other,0.04
RHABDOMYOLYSIS,93,Other,0.04
CYSTITIS,93,Other,0.04
BLOOD BILIRUBIN INCREASED,93,Liver,0.04
CARDIAC OPERATION,92,Heart & circulation,0.04
INTESTINAL ISCHAEMIA,91,Gastrointestinal,0.04
MUSCLE TWITCHING,91,"Muscle, bone & injury",0.04
LACRIMATION INCREASED,90,Other,0.04
NERVOUS SYSTEM DISORDER,89,Other,0.04
POST-TRAUMATIC STRESS DISORDER,89,Mental health & sleep,0.04
FEAR,89,Other,0.04
LACTIC ACIDOSIS,89,Other,0.04
PROCEDURAL PAIN,88,"General (tiredness, pain)",0.03
HEPATIC FUNCTION ABNORMAL,88,Liver,0.03
PRODUCTIVE COUGH,88,Infections & breathing,0.03
COLON CANCER,87,Gastrointestinal,0.03
PSORIASIS,87,Other,0.03
LARYNGITIS,86,Other,0.03
RESTLESSNESS,86,Other,0.03
OESOPHAGITIS,86,Gastrointestinal,0.03
NEAR DEATH EXPERIENCE,86,"Outcome words (death, hospital)",0.03
HIP ARTHROPLASTY,86,"Muscle, bone & injury",0.03
BREATH ODOUR,86,Other,0.03
LIQUID PRODUCT PHYSICAL ISSUE,86,"Dosing, device & product use",0.03
CHOKING,85,Other,0.03
CARPAL TUNNEL SYNDROME,85,Other,0.03
MUSCULOSKELETAL PAIN,85,"Muscle, bone & injury",0.03
GASTRIC ULCER,84,Gastrointestinal,0.03
URINARY INCONTINENCE,84,Other,0.03
GAMMA-GLUTAMYLTRANSFERASE INCREASED,84,Other,0.03
HEART RATE IRREGULAR,84,Heart & circulation,0.03
EAR INFECTION,84,Infections & breathing,0.03
ANGINA PECTORIS,84,Other,0.03
RASH MACULAR,83,Eye,0.03
POST PROCEDURAL COMPLICATION,83,Other,0.03
BEDRIDDEN,82,Other,0.03
PRODUCT PACKAGING ISSUE,82,"Dosing, device & product use",0.03
INTESTINAL PERFORATION,82,Gastrointestinal,0.03
PNEUMONIA ASPIRATION,81,Infections & breathing,0.03
DRY THROAT,81,Infections & breathing,0.03
VENTRICULAR EXTRASYSTOLES,81,Other,0.03
OCULAR DISCOMFORT,81,"General (tiredness, pain)",0.03
MULTIPLE SCLEROSIS,81,Other,0.03
PSYCHOTIC DISORDER,81,Other,0.03
COMPLETED SUICIDE,81,Mental health & sleep,0.03
URINE OUTPUT DECREASED,81,Other,0.03
DYSARTHRIA,81,"Muscle, bone & injury",0.03
CHRONIC OBSTRUCTIVE PULMONARY DISEASE,80,Other,0.03
WOUND,80,Other,0.03
AUTOIMMUNE DISORDER,80,Other,0.03
UPPER RESPIRATORY TRACT INFECTION,80,Infections & breathing,0.03
SINUS DISORDER,80,Other,0.03
BACK INJURY,80,"Muscle, bone & injury",0.03
ACUTE MYOCARDIAL INFARCTION,79,Heart & circulation,0.03
ROTATOR CUFF SYNDROME,79,Other,0.03
BLOOD ALKALINE PHOSPHATASE INCREASED,79,Other,0.03
FLANK PAIN,79,"General (tiredness, pain)",0.03
THERAPEUTIC PRODUCT EFFECT INCOMPLETE,79,"Dosing, device & product use",0.03
DERMATITIS ALLERGIC,79,Allergy,0.03
PANCREATIC CYST,79,Pancreas & gallbladder,0.03
THINKING ABNORMAL,79,Other,0.03
NEOPLASM,78,Cancer & thyroid,0.03
GOITRE,78,Other,0.03
NERVE INJURY,78,"Muscle, bone & injury",0.03
PAIN IN JAW,78,"General (tiredness, pain)",0.03
PHOTOPHOBIA,77,Other,0.03
LOCALISED INFECTION,77,Infections & breathing,0.03
LACK OF SATIETY,77,Other,0.03
COLITIS ULCERATIVE,77,Gastrointestinal,0.03
CARDIAC FLUTTER,77,Heart & circulation,0.03
PANCREATITIS CHRONIC,77,Pancreas & gallbladder,0.03
OFF LABEL USE OF DEVICE,76,"Dosing, device & product use",0.03
PROSTATE CANCER,76,Cancer & thyroid,0.03
TOXICITY TO VARIOUS AGENTS,76,Other,0.03
PRODUCT DOSE CONFUSION,75,"Dosing, device & product use",0.03
SYSTEMIC LUPUS ERYTHEMATOSUS,75,Skin & hair,0.03
KETOSIS,75,Other,0.03
TENDERNESS,75,Other,0.03
APHASIA,74,Other,0.03
CROHN'S DISEASE,74,Other,0.03
HYPOGLYCAEMIC UNCONSCIOUSNESS,74,Nervous system,0.03
GASTROINTESTINAL INFLAMMATION,74,Gastrointestinal,0.03
BLOOD IRON DECREASED,74,Other,0.03
WHEEZING,73,Other,0.03
CEREBRAL HAEMORRHAGE,73,Other,0.03
PRODUCT PRESCRIBING ISSUE,73,"Dosing, device & product use",0.03
STARVATION,73,Other,0.03
PRODUCT PACKAGING DIFFICULT TO OPEN,73,"Dosing, device & product use",0.03
SUPRAVENTRICULAR TACHYCARDIA,73,Heart & circulation,0.03
URINE ODOUR ABNORMAL,73,Other,0.03
THERAPEUTIC RESPONSE DECREASED,72,Lack of effect,0.03
PANCREATIC CARCINOMA METASTATIC,72,Pancreas & gallbladder,0.03
OXYGEN SATURATION DECREASED,72,Other,0.03
APPENDICITIS PERFORATED,72,Gastrointestinal,0.03
EAR PAIN,72,"General (tiredness, pain)",0.03
GLUCOSE TOLERANCE IMPAIRED,72,"Blood sugar, fluids & kidney",0.03
CYST,72,Other,0.03
BILIARY OBSTRUCTION,72,Pancreas & gallbladder,0.03
BLOOD MAGNESIUM DECREASED,72,Other,0.03
COLONOSCOPY,71,Gastrointestinal,0.03
C-REACTIVE PROTEIN INCREASED,71,Other,0.03
SKIN DISORDER,71,Skin & hair,0.03
BREAST PAIN,71,"General (tiredness, pain)",0.03
DECREASED ACTIVITY,71,Other,0.03
PLATELET COUNT DECREASED,70,Other,0.03
ABDOMINAL RIGIDITY,70,Gastrointestinal,0.03
LIBIDO DECREASED,70,Other,0.03
PANIC REACTION,70,Mental health & sleep,0.03
MACULAR OEDEMA,70,Eye,0.03
THERAPEUTIC RESPONSE SHORTENED,69,Lack of effect,0.03
VISUAL ACUITY REDUCED,69,Eye,0.03
LUNG DISORDER,69,Other,0.03
EYE OPERATION,69,Eye,0.03
GASTRIC DISORDER,69,Gastrointestinal,0.03
CARDIOVASCULAR DISORDER,68,Other,0.03
BLOOD PRESSURE FLUCTUATION,68,Heart & circulation,0.03
AGGRESSION,68,Other,0.03
EMOTIONAL DISORDER,67,Mental health & sleep,0.03
VISUAL FIELD DEFECT,67,Eye,0.03
OEDEMA,67,Other,0.03
HAEMOGLOBIN DECREASED,67,Other,0.03
PARKINSON'S DISEASE,67,Other,0.03
STARVATION KETOACIDOSIS,67,"Blood sugar, fluids & kidney",0.03
NODULE,67,Other,0.03
DEVICE USE ERROR,67,"Dosing, device & product use",0.03
CONCUSSION,67,Other,0.03
EPILEPSY,66,Other,0.03
LUNG NEOPLASM MALIGNANT,66,Cancer & thyroid,0.03
ENTERITIS,66,Other,0.03
PARALYSIS,66,Other,0.03
RESTLESS LEGS SYNDROME,66,Other,0.03
PRODUCT SUBSTITUTION ISSUE,66,"Dosing, device & product use",0.03
PRODUCT AFTER TASTE,66,"Dosing, device & product use",0.03
ASTHENOPIA,66,Other,0.03
FRACTURE,66,"Muscle, bone & injury",0.03
MUSCLE TIGHTNESS,66,"Muscle, bone & injury",0.03
OVERWEIGHT,65,Weight & appetite,0.03
DEMENTIA ALZHEIMER'S TYPE,65,Other,0.03
POLYCYSTIC OVARIAN SYNDROME,65,Other,0.03
EAR DISCOMFORT,65,"General (tiredness, pain)",0.03
WRONG DOSE,65,"Dosing, device & product use",0.03
SELF-INJURIOUS IDEATION,65,Other,0.03
PAPILLOEDEMA,65,Other,0.03
BLOOD THYROID STIMULATING HORMONE INCREASED,65,Cancer & thyroid,0.03
TOOTHACHE,65,Other,0.03
MULTIPLE USE OF SINGLE-USE PRODUCT,64,Other,0.03
RENAL INJURY,64,"Blood sugar, fluids & kidney",0.03
INSULIN RESISTANCE,64,Other,0.03
GASTROINTESTINAL INFECTION,64,Gastrointestinal,0.03
COMA,64,Other,0.03
PHOTOPSIA,64,Other,0.03
RIB FRACTURE,64,"Muscle, bone & injury",0.03
ULCER,64,Other,0.03
OBESITY,63,Other,0.02
HYSTERECTOMY,63,Other,0.02
MIDDLE INSOMNIA,63,Mental health & sleep,0.02
BELL'S PALSY,63,Other,0.02
DYSCHEZIA,62,Other,0.02
DYSMENORRHOEA,62,Other,0.02
OSTEOPOROSIS,62,Other,0.02
SKIN SENSITISATION,62,Skin & hair,0.02
SALIVARY HYPERSECRETION,62,Other,0.02
HEPATIC FAILURE,61,Liver,0.02
SCRATCH,61,Other,0.02
CIRCULATORY COLLAPSE,61,Other,0.02
THROMBOCYTOPENIA,61,Other,0.02
MUSCLE STRAIN,61,"Muscle, bone & injury",0.02
FACIAL PAIN,61,"General (tiredness, pain)",0.02
RECALLED PRODUCT ADMINISTERED,60,"Dosing, device & product use",0.02
ORAL PAIN,60,"General (tiredness, pain)",0.02
DEVICE USE CONFUSION,60,"Dosing, device & product use",0.02
INTENTIONAL OVERDOSE,60,"Dosing, device & product use",0.02
ABDOMINAL TENDERNESS,60,Gastrointestinal,0.02
PERONEAL NERVE PALSY,60,Other,0.02
DEVICE BREAKAGE,59,"Dosing, device & product use",0.02
LIGAMENT SPRAIN,59,Other,0.02
SKIN ODOUR ABNORMAL,59,Skin & hair,0.02
THIRST DECREASED,59,"Blood sugar, fluids & kidney",0.02
AMENORRHOEA,59,Other,0.02
DEFAECATION URGENCY,59,Other,0.02
DRUG TITRATION ISSUE,59,"Dosing, device & product use",0.02
CEREBRAL INFARCTION,59,Other,0.02
SPINAL FRACTURE,59,"Muscle, bone & injury",0.02
TYPE 2 DIABETES MELLITUS,59,Other,0.02
CORONARY ARTERY OCCLUSION,59,Other,0.02
FRUSTRATION TOLERANCE DECREASED,58,Other,0.02
INJECTION SITE INFECTION,58,Injection site,0.02
MENISCUS INJURY,58,"Muscle, bone & injury",0.02
POLYMENORRHOEA,58,Other,0.02
STOMATITIS,58,Other,0.02
FAECES SOFT,58,Gastrointestinal,0.02
SKIN WRINKLING,58,Skin & hair,0.02
SCAR,58,Other,0.02
RASH PAPULAR,58,Skin & hair,0.02
FUNCTIONAL GASTROINTESTINAL DISORDER,57,Gastrointestinal,0.02
MANIA,57,Other,0.02
CEREBRAL DISORDER,57,Other,0.02
HEPATIC CANCER,57,Liver,0.02
HORMONE LEVEL ABNORMAL,57,Other,0.02
LYMPH NODE PAIN,57,"General (tiredness, pain)",0.02
JOINT STIFFNESS,57,"Muscle, bone & injury",0.02
INJECTION SITE HAEMATOMA,57,Injection site,0.02
RESPIRATORY DISORDER,56,Infections & breathing,0.02
DIVERTICULUM INTESTINAL,56,Gastrointestinal,0.02
PARANOIA,56,Other,0.02
MAJOR DEPRESSION,56,Mental health & sleep,0.02
HAEMATURIA,55,Other,0.02
PRODUCT LABEL ISSUE,55,"Dosing, device & product use",0.02
CHOLESTASIS,55,Pancreas & gallbladder,0.02
UPPER-AIRWAY COUGH SYNDROME,55,Infections & breathing,0.02
GALLBLADDER OPERATION,55,Pancreas & gallbladder,0.02
BACTERIAL INFECTION,55,Infections & breathing,0.02
VOLVULUS,54,Other,0.02
NOCTURIA,54,Other,0.02
INJECTION SITE NODULE,54,Injection site,0.02
PANCREATIC FAILURE,54,Pancreas & gallbladder,0.02
METABOLIC DISORDER,54,Other,0.02
EPIGASTRIC DISCOMFORT,54,Gastrointestinal,0.02
LYMPHOEDEMA,53,Other,0.02
THROAT CLEARING,53,Infections & breathing,0.02
DIABETIC NEUROPATHY,53,Nervous system,0.02
VITREOUS DETACHMENT,53,Other,0.02
METABOLIC SURGERY,53,Other,0.02
DELIRIUM,53,Other,0.02
INCORRECT PRODUCT FORMULATION ADMINISTERED,53,"Dosing, device & product use",0.02
PRODUCT COMPLAINT,53,"Dosing, device & product use",0.02
IMPAIRED HEALING,53,Other,0.02
SPINAL STENOSIS,53,Other,0.02
THYROID NEOPLASM,53,Cancer & thyroid,0.02
BODY MASS INDEX INCREASED,53,Other,0.02
MEDICAL PROCEDURE,53,Other,0.02
TENDONITIS,52,Other,0.02
HYPERKALAEMIA,52,Other,0.02
WRIST FRACTURE,52,"Muscle, bone & injury",0.02
FOOD ALLERGY,52,Allergy,0.02
HYPOVOLAEMIA,52,Other,0.02
SKIN MASS,52,Skin & hair,0.02
NOROVIRUS INFECTION,52,Infections & breathing,0.02
BINGE EATING,52,Other,0.02
WITHDRAWAL SYNDROME,52,Other,0.02
GALLBLADDER ENLARGEMENT,51,Pancreas & gallbladder,0.02
NERVE COMPRESSION,51,Other,0.02
BLOOD POTASSIUM INCREASED,51,"Blood sugar, fluids & kidney",0.02
DISCOLOURED VOMIT,51,Gastrointestinal,0.02
ANHEDONIA,50,Other,0.02
METASTASES TO LIVER,50,Liver,0.02
POLYURIA,50,Other,0.02
RENAL CANCER,50,Cancer & thyroid,0.02
ENERGY INCREASED,50,Other,0.02
DIALYSIS,50,Other,0.02
SHOCK,50,Other,0.02
GASTROINTESTINAL NECROSIS,50,Gastrointestinal,0.02
BRAIN NEOPLASM,50,Cancer & thyroid,0.02
TUBULOINTERSTITIAL NEPHRITIS,50,Other,0.02
PULMONARY OEDEMA,50,Other,0.02
LYMPHOMA,50,Cancer & thyroid,0.02
BLEPHAROSPASM,50,Other,0.02
MICTURITION URGENCY,50,Other,0.02
POLYP,49,Other,0.02
ORAL DISCOMFORT,49,"General (tiredness, pain)",0.02
PRODUCT DOSE OMISSION IN ERROR,49,"Dosing, device & product use",0.02
MOVEMENT DISORDER,48,Other,0.02
BLOOD CALCIUM INCREASED,48,Other,0.02
PERICARDIAL EFFUSION,48,Other,0.02
HYPERCHLORHYDRIA,47,Other,0.02
ABNORMAL BEHAVIOUR,47,Other,0.02
GASTRIC DILATATION,47,Gastrointestinal,0.02
MOTION SICKNESS,47,Other,0.02
CORONARY ARTERY DISEASE,47,Other,0.02
HIP SURGERY,47,Other,0.02
ACUTE CHOLECYSTITIS NECROTIC,47,Pancreas & gallbladder,0.02
ADVERSE REACTION,47,Other,0.02
DYSKINESIA,47,Skin & hair,0.02
CHOLECYSTITIS CHRONIC,47,Pancreas & gallbladder,0.02
MELAENA,47,Other,0.02
SLEEP DEFICIT,47,Mental health & sleep,0.02
HERNIA REPAIR,47,Other,0.02
CLOSTRIDIUM DIFFICILE INFECTION,47,Infections & breathing,0.02
ENDOMETRIOSIS,47,Other,0.02
VITREOUS HAEMORRHAGE,47,Other,0.02
DEVICE DIFFICULT TO USE,47,"Dosing, device & product use",0.02
UTERINE LEIOMYOMA,46,Other,0.02
ACIDOSIS,46,Other,0.02
BLOOD CREATINE PHOSPHOKINASE INCREASED,46,Other,0.02
PLEURAL EFFUSION,46,Other,0.02
LIMB OPERATION,46,Other,0.02
INTERCEPTED PRODUCT STORAGE ERROR,46,"Dosing, device & product use",0.02
RESPIRATORY FAILURE,46,Infections & breathing,0.02
DYSPNOEA EXERTIONAL,46,Infections & breathing,0.02
HEPATOMEGALY,46,Liver,0.02
TENDON RUPTURE,46,Other,0.02
SKIN LACERATION,46,Skin & hair,0.02
VITAMIN D DEFICIENCY,45,Other,0.02
RENAL FUNCTION TEST ABNORMAL,45,"Blood sugar, fluids & kidney",0.02
BRADYCARDIA,45,Heart & circulation,0.02
PHARYNGITIS STREPTOCOCCAL,45,Other,0.02
GENERALISED OEDEMA,45,Other,0.02
PEMPHIGOID,45,Other,0.02
RENAL CYST,45,"Blood sugar, fluids & kidney",0.02
BRAIN INJURY,45,"Muscle, bone & injury",0.02
SHOULDER OPERATION,45,Other,0.02
INCORRECT PRODUCT DOSAGE FORM ADMINISTERED,45,"Dosing, device & product use",0.02
PERSONALITY CHANGE,45,Other,0.02
TOOTH EXTRACTION,45,Other,0.02
FACIAL PARALYSIS,45,Other,0.02
RETINAL ARTERY OCCLUSION,45,Eye,0.02
TREATMENT NONCOMPLIANCE,44,Other,0.02
BLADDER CANCER,44,Cancer & thyroid,0.02
DRUG WITHDRAWAL SYNDROME,44,Other,0.02
INCONTINENCE,44,Other,0.02
RETINAL VEIN OCCLUSION,44,Eye,0.02
PHOTOSENSITIVITY REACTION,44,Other,0.02
ANAL FISSURE,44,Other,0.02
RETINAL TEAR,44,Eye,0.02
PSORIATIC ARTHROPATHY,44,"Muscle, bone & injury",0.02
ANOSMIA,43,Other,0.02
TOOTH LOSS,43,Other,0.02
GROIN PAIN,43,"General (tiredness, pain)",0.02
FEMUR FRACTURE,43,"Muscle, bone & injury",0.02
AUTOIMMUNE THYROIDITIS,43,Cancer & thyroid,0.02
OESOPHAGEAL PAIN,43,Gastrointestinal,0.02
URINE ABNORMALITY,42,Other,0.02
TOOTH DISORDER,42,Other,0.02
PRODUCT ADMINISTRATION ERROR,42,"Dosing, device & product use",0.02
ADENOCARCINOMA PANCREAS,42,Pancreas & gallbladder,0.02
SKIN ATROPHY,42,Skin & hair,0.02
LARGE INTESTINAL OBSTRUCTION,42,Gastrointestinal,0.02
STENT PLACEMENT,42,Other,0.02
RESPIRATORY TRACT INFECTION,42,Infections & breathing,0.02
HEPATIC CYTOLYSIS,41,Liver,0.02
INITIAL INSOMNIA,41,Mental health & sleep,0.02
FEELING OF BODY TEMPERATURE CHANGE,41,"General (tiredness, pain)",0.02
OPHTHALMIC MIGRAINE,41,Nervous system,0.02
TOOTH FRACTURE,41,"Muscle, bone & injury",0.02
NEUROENDOCRINE TUMOUR,41,Cancer & thyroid,0.02
HEPATIC PAIN,41,Liver,0.02
HYPERCALCAEMIA,41,Other,0.02
PYELONEPHRITIS,41,Other,0.02
DENTAL CARIES,41,Other,0.02
EXTRASYSTOLES,41,Other,0.02
GASTRIC PH DECREASED,41,Gastrointestinal,0.02
PANIC DISORDER,41,Mental health & sleep,0.02
INTRAOCULAR PRESSURE INCREASED,40,Other,0.02
PRODUCT SUPPLY ISSUE,40,"Dosing, device & product use",0.02
WERNICKE'S ENCEPHALOPATHY,40,Other,0.02
GLOSSODYNIA,40,Other,0.02
MATERNAL EXPOSURE DURING BREAST FEEDING,40,"Dosing, device & product use",0.02
LARGE INTESTINE PERFORATION,40,Gastrointestinal,0.02
TRANSAMINASES INCREASED,40,Liver,0.02
INTUSSUSCEPTION,40,Other,0.02
SHOULDER FRACTURE,39,"Muscle, bone & injury",0.02
GASTRIC BYPASS,39,Gastrointestinal,0.02
GASTRIC CANCER,39,Gastrointestinal,0.02
ATTENTION DEFICIT HYPERACTIVITY DISORDER,39,Other,0.02
SKIN ULCER,39,Skin & hair,0.02
EXPOSURE DURING PREGNANCY,39,"Dosing, device & product use",0.02
ASCITES,39,Other,0.02
DERMATITIS,39,Other,0.02
LOW DENSITY LIPOPROTEIN INCREASED,39,Other,0.02
OVARIAN CYST,39,Other,0.02
VENTRICULAR TACHYCARDIA,39,Heart & circulation,0.02
GASTROINTESTINAL INJURY,39,Gastrointestinal,0.02
CRANIOCEREBRAL INJURY,38,"Muscle, bone & injury",0.02
SPINAL FUSION SURGERY,38,Other,0.02
INJECTION SITE STREAKING,38,Injection site,0.02
MENOPAUSE,38,Other,0.02
HYPOKINESIA,38,Other,0.02
POST PROCEDURAL INFECTION,38,Infections & breathing,0.02
PRODUCT LEAKAGE,38,"Dosing, device & product use",0.02
EUPHORIC MOOD,38,Mental health & sleep,0.02
SENSORY DISTURBANCE,38,Other,0.02
ISCHAEMIC STROKE,38,Heart & circulation,0.02
DECREASED INTEREST,38,Other,0.02
DEAFNESS UNILATERAL,38,Nervous system,0.02
PRODUCT INFORMATION CONTENT COMPLAINT,38,"Dosing, device & product use",0.02
STAPHYLOCOCCAL INFECTION,38,Infections & breathing,0.02
DEPRESSIVE SYMPTOM,37,Mental health & sleep,0.01
GASTRIC HAEMORRHAGE,37,Gastrointestinal,0.01
QUALITY OF LIFE DECREASED,37,Other,0.01
WALKING AID USER,37,Other,0.01
HAND FRACTURE,37,"Muscle, bone & injury",0.01
VASCULITIS,37,Other,0.01
SUDDEN DEATH,37,"Outcome words (death, hospital)",0.01
SPINAL DISORDER,37,Other,0.01
INTRUSIVE THOUGHTS,37,Other,0.01
BLOOD PRESSURE SYSTOLIC INCREASED,37,Heart & circulation,0.01
HYPOMAGNESAEMIA,37,Other,0.01
MYASTHENIA GRAVIS,37,"General (tiredness, pain)",0.01
BONE DISORDER,37,Other,0.01
PERIORBITAL SWELLING,37,"General (tiredness, pain)",0.01
TRICHORRHEXIS,37,Other,0.01
TYPE 1 DIABETES MELLITUS,37,Other,0.01
PELVIC PAIN,37,"General (tiredness, pain)",0.01
INABILITY TO AFFORD MEDICATION,37,Other,0.01
CHRONIC GASTRITIS,37,Gastrointestinal,0.01
POSTURAL ORTHOSTATIC TACHYCARDIA SYNDROME,36,Heart & circulation,0.01
BLOOD TEST ABNORMAL,36,Other,0.01
INCORRECT DOSAGE ADMINISTERED,36,"Dosing, device & product use",0.01
PRESCRIBED OVERDOSE,36,"Dosing, device & product use",0.01
FOOT OPERATION,36,Other,0.01
WHITE BLOOD CELL COUNT DECREASED,36,Other,0.01
ARTERIAL OCCLUSIVE DISEASE,36,Other,0.01
SKIN LESION,36,Skin & hair,0.01
HAEMATOMA,36,Other,0.01
FEELING OF DESPAIR,36,"General (tiredness, pain)",0.01
MUCOUS STOOLS,36,Other,0.01
PANCREATIC MASS,35,Pancreas & gallbladder,0.01
HYPOTONIA,35,Other,0.01
UMBILICAL HERNIA,35,Other,0.01
OBSESSIVE-COMPULSIVE DISORDER,35,Other,0.01
LEUKOCYTOSIS,35,Other,0.01
POOR QUALITY PRODUCT ADMINISTERED,35,"Dosing, device & product use",0.01
ARTHROPOD BITE,35,"Muscle, bone & injury",0.01
MUSCLE DISORDER,35,"Muscle, bone & injury",0.01
DISCOURAGEMENT,35,Other,0.01
MALABSORPTION,35,Other,0.01
PULMONARY MASS,35,Other,0.01
OLIGOMENORRHOEA,35,Other,0.01
ACUTE ABDOMEN,35,Other,0.01
INTENTIONAL UNDERDOSE,35,"Dosing, device & product use",0.01
EMERGENCY CARE,35,Other,0.01
SPINAL PAIN,35,"General (tiredness, pain)",0.01
ODYNOPHAGIA,35,Other,0.01
UPPER GASTROINTESTINAL HAEMORRHAGE,35,Gastrointestinal,0.01
HELICOBACTER INFECTION,35,Infections & breathing,0.01
UTERINE CANCER,35,Cancer & thyroid,0.01
RESPIRATORY SYNCYTIAL VIRUS INFECTION,35,Infections & breathing,0.01
LEUKAEMIA,35,Other,0.01
SPLENOMEGALY,34,Other,0.01
APPENDICECTOMY,34,Other,0.01
HYPOXIA,34,Other,0.01
RAYNAUD'S PHENOMENON,34,Other,0.01
COELIAC DISEASE,34,Other,0.01
GINGIVAL BLEEDING,34,Other,0.01
OPTIC NERVE DISORDER,34,Eye,0.01
BLOOD INSULIN INCREASED,34,Other,0.01
LOWER RESPIRATORY TRACT INFECTION,34,Infections & breathing,0.01
HEART RATE ABNORMAL,34,Heart & circulation,0.01
OESOPHAGEAL SPASM,34,Gastrointestinal,0.01
ATRIOVENTRICULAR BLOCK,34,Other,0.01
INTERNAL HAEMORRHAGE,34,Other,0.01
BLADDER DISORDER,34,Other,0.01
BLOOD UREA INCREASED,34,Other,0.01
OBSTRUCTION GASTRIC,34,Gastrointestinal,0.01
OSTEOMYELITIS,34,Other,0.01
SWELLING OF EYELID,34,Eye,0.01
ELECTRIC SHOCK SENSATION,34,Other,0.01
OPTIC NEUROPATHY,34,Eye,0.01
ABSCESS,33,Other,0.01
BODY TEMPERATURE INCREASED,33,Other,0.01
TRIGGER FINGER,33,Other,0.01
DEPRESSED LEVEL OF CONSCIOUSNESS,33,Nervous system,0.01
INJECTION SITE ABSCESS,33,Injection site,0.01
INJECTION SITE CELLULITIS,33,Injection site,0.01
ATRIAL FLUTTER,33,Heart & circulation,0.01
HAIR TEXTURE ABNORMAL,33,Skin & hair,0.01
VITAMIN B12 DEFICIENCY,33,Other,0.01
OESOPHAGEAL DISORDER,33,Gastrointestinal,0.01
INJECTION SITE PUSTULE,33,Injection site,0.01
INTENTIONAL SELF-INJURY,33,"Muscle, bone & injury",0.01
SINUS TACHYCARDIA,33,Heart & circulation,0.01
INJECTION SITE SCAB,33,Injection site,0.01
PRODUCT CONFUSION,33,"Dosing, device & product use",0.01
CHOKING SENSATION,33,Other,0.01
RED BLOOD CELL COUNT INCREASED,32,Other,0.01
END STAGE RENAL DISEASE,32,"Blood sugar, fluids & kidney",0.01
VULVOVAGINAL PRURITUS,32,Skin & hair,0.01
NEPHROPATHY,32,"Blood sugar, fluids & kidney",0.01
BLOOD CHOLESTEROL ABNORMAL,32,Pancreas & gallbladder,0.01
PERITONITIS,32,Other,0.01
BREAST MASS,32,Other,0.01
MUSCLE FATIGUE,32,"Muscle, bone & injury",0.01
INTRACRANIAL PRESSURE INCREASED,32,Other,0.01
CARDIAC ABLATION,32,Heart & circulation,0.01
GINGIVAL PAIN,32,"General (tiredness, pain)",0.01
LARGE INTESTINE POLYP,32,Gastrointestinal,0.01
INTERNATIONAL NORMALISED RATIO INCREASED,31,Other,0.01
GRAVES' DISEASE,31,Other,0.01
IRON DEFICIENCY ANAEMIA,31,Other,0.01
IMMUNE THROMBOCYTOPENIA,31,Other,0.01
TONGUE DISCOMFORT,31,"General (tiredness, pain)",0.01
PRODUCT COMPOUNDING QUALITY ISSUE,31,"Dosing, device & product use",0.01
INJECTION SITE LACERATION,31,Injection site,0.01
TOOTH INFECTION,31,Infections & breathing,0.01
LIP DRY,31,Other,0.01
GENERALISED TONIC-CLONIC SEIZURE,31,Nervous system,0.01
WEIGHT ABNORMAL,31,Weight & appetite,0.01
HEPATITIS ACUTE,31,Liver,0.01
LIPOMA,31,Other,0.01
YELLOW SKIN,30,Skin & hair,0.01
EXOSTOSIS,30,Other,0.01
TEMPERATURE INTOLERANCE,30,Other,0.01
ECTOPIC PREGNANCY,30,Other,0.01
DUODENITIS,30,Other,0.01
THYROIDITIS,30,Cancer & thyroid,0.01
EYE INFECTION,30,Infections & breathing,0.01
TENSION HEADACHE,30,Nervous system,0.01
IMPAIRED DRIVING ABILITY,30,Other,0.01
BENIGN NEOPLASM OF THYROID GLAND,30,Cancer & thyroid,0.01
PORTAL VEIN THROMBOSIS,30,Heart & circulation,0.01
SENSORY LOSS,30,Other,0.01
VITAMIN B12 DECREASED,30,Other,0.01
MOUTH SWELLING,30,"General (tiredness, pain)",0.01
POLYDIPSIA,30,Other,0.01
BURSITIS,30,Other,0.01
SKIN SWELLING,30,Skin & hair,0.01
PROTEINURIA,30,Other,0.01
JOINT DISLOCATION,30,"Muscle, bone & injury",0.01
MOUTH ULCERATION,29,Other,0.01
CHAPPED LIPS,29,Other,0.01
IRON DEFICIENCY,29,Other,0.01
EYE INFLAMMATION,29,Eye,0.01
OCULAR STROKE,29,Heart & circulation,0.01
PRODUCT ODOUR ABNORMAL,29,"Dosing, device & product use",0.01
SCHIZOPHRENIA,29,Other,0.01
IMMUNE SYSTEM DISORDER,29,Other,0.01
HAEMOGLOBIN INCREASED,29,Other,0.01
LIGAMENT RUPTURE,29,Other,0.01
GALLBLADDER RUPTURE,29,Pancreas & gallbladder,0.01
NEOVASCULAR AGE-RELATED MACULAR DEGENERATION,29,Eye,0.01
MULTIPLE ALLERGIES,29,Allergy,0.01
IMPAIRED QUALITY OF LIFE,29,Other,0.01
DYSLEXIA,29,Other,0.01
PNEUMOTHORAX,29,Other,0.01
ENDOMETRIAL CANCER,29,Cancer & thyroid,0.01
NEEDLE TRACK MARKS,29,"Dosing, device & product use",0.01
MUSCULOSKELETAL DISORDER,29,"Muscle, bone & injury",0.01
INJECTION RELATED REACTION,29,Other,0.01
GASTROINTESTINAL OBSTRUCTION,29,Gastrointestinal,0.01
BLOOD THYROID STIMULATING HORMONE DECREASED,29,Cancer & thyroid,0.01
DEVICE USE ISSUE,29,"Dosing, device & product use",0.01
BLOOD ELECTROLYTES DECREASED,29,Other,0.01
BLOOD TESTOSTERONE DECREASED,29,Other,0.01
LABORATORY TEST ABNORMAL,29,Other,0.01
ANEURYSM,28,Other,0.01
HYPOTHERMIA,28,Other,0.01
AFFECTIVE DISORDER,28,Other,0.01
PANCREATIC NEOPLASM,28,Pancreas & gallbladder,0.01
ORAL CANDIDIASIS,28,Other,0.01
DERMATITIS CONTACT,28,Other,0.01
BLOOD LACTIC ACID INCREASED,28,Other,0.01
HEARING AID USER,28,Other,0.01
ALTERED STATE OF CONSCIOUSNESS,28,Nervous system,0.01
HYPERTRANSAMINASAEMIA,28,Other,0.01
VITAMIN D DECREASED,28,Other,0.01
MACULAR HOLE,28,Eye,0.01
DUODENOGASTRIC REFLUX,28,Gastrointestinal,0.01
HYPERTENSIVE CRISIS,28,Other,0.01
HAEMOPTYSIS,28,Other,0.01
SHOULDER ARTHROPLASTY,28,"Muscle, bone & injury",0.01
SCAB,28,Other,0.01
HYPOCALCAEMIA,28,Other,0.01
MYDRIASIS,28,Other,0.01
INCORRECT PRODUCT ADMINISTRATION DURATION,28,"Dosing, device & product use",0.01
NEGATIVE THOUGHTS,27,Other,0.01
LACTOSE INTOLERANCE,27,Other,0.01
ORAL HERPES,27,Infections & breathing,0.01
DIABETIC COMPLICATION,27,Other,0.01
LIVING IN RESIDENTIAL INSTITUTION,27,Other,0.01
SECRETION DISCHARGE,27,Other,0.01
DYSENTERY,27,Other,0.01
SKIN CANCER,27,Cancer & thyroid,0.01
MESENTERIC PANNICULITIS,27,Other,0.01
BODY TEMPERATURE DECREASED,27,Other,0.01
NONSPECIFIC REACTION,27,Other,0.01
INTERVERTEBRAL DISC DEGENERATION,27,Other,0.01
SPINAL OSTEOARTHRITIS,27,"Muscle, bone & injury",0.01
ARTERIOSCLEROSIS,27,Other,0.01
CARDIO-RESPIRATORY ARREST,27,Infections & breathing,0.01
INTRADUCTAL PAPILLARY MUCINOUS NEOPLASM,26,Cancer & thyroid,0.01
SEXUAL DYSFUNCTION,26,Other,0.01
DIABETIC FOOT,26,Other,0.01
FEAR OF EATING,26,Other,0.01
HYPERLIPIDAEMIA,26,Other,0.01
POLYCYSTIC OVARIES,26,Other,0.01
RETINAL DISORDER,26,Eye,0.01
WHEELCHAIR USER,26,Skin & hair,0.01
TENDON INJURY,26,"Muscle, bone & injury",0.01
HYPOVITAMINOSIS,26,Other,0.01
HYPERVENTILATION,26,Other,0.01
CHOLANGIOCARCINOMA,26,Cancer & thyroid,0.01
PRODUCT PHYSICAL ISSUE,26,"Dosing, device & product use",0.01
MENTAL STATUS CHANGES,26,Mental health & sleep,0.01
OCULAR ICTERUS,26,Other,0.01
MENTAL FATIGUE,26,Mental health & sleep,0.01
METABOLIC DYSFUNCTION-ASSOCIATED STEATOHEPATITIS,26,Liver,0.01
GUILLAIN-BARRE SYNDROME,26,Other,0.01
HAEMORRHOIDAL HAEMORRHAGE,26,Other,0.01
MIGRAINE WITH AURA,26,Nervous system,0.01
CORONARY ARTERY BYPASS,26,Other,0.01
CANDIDA INFECTION,25,Infections & breathing,0.01
PULMONARY CONGESTION,25,Other,0.01
DRUG TOLERANCE,25,Other,0.01
SKIN PRESSURE MARK,25,Skin & hair,0.01
UNRESPONSIVE TO STIMULI,25,Other,0.01
ONYCHOCLASIS,25,Other,0.01
IMMUNODEFICIENCY,25,Other,0.01
UTERINE HAEMORRHAGE,25,Other,0.01
SARCOPENIA,25,Other,0.01
MYOCARDIAL ISCHAEMIA,25,Heart & circulation,0.01
GANGRENE,25,Other,0.01
SKIN HAEMORRHAGE,25,Skin & hair,0.01
ACCIDENT AT WORK,25,Other,0.01
BILIARY DILATATION,25,Pancreas & gallbladder,0.01
PROTEIN TOTAL DECREASED,25,Other,0.01
EXERCISE TOLERANCE DECREASED,25,Other,0.01
VAGINAL DISCHARGE,25,Other,0.01
PROCTALGIA,25,Other,0.01
INTERVERTEBRAL DISC DISORDER,25,Other,0.01
PREMATURE BABY,25,Other,0.01
HEPATIC LESION,24,Liver,0.01
MUSCLE RUPTURE,24,"Muscle, bone & injury",0.01
JAUNDICE CHOLESTATIC,24,Pancreas & gallbladder,0.01
MALIGNANT MELANOMA,24,Cancer & thyroid,0.01
BLOOD KETONE BODY INCREASED,24,Other,0.01
SUICIDAL BEHAVIOUR,24,Mental health & sleep,0.01
CARDIAC PACEMAKER INSERTION,24,Heart & circulation,0.01
POOR PERIPHERAL CIRCULATION,24,Other,0.01
CORTISOL INCREASED,24,Other,0.01
OBSTRUCTIVE SLEEP APNOEA SYNDROME,24,Mental health & sleep,0.01
DIABETIC COMA,24,Other,0.01
OSTEOPENIA,24,Other,0.01
PHARYNGITIS,24,Other,0.01
GALLBLADDER POLYP,24,Pancreas & gallbladder,0.01
ABDOMINAL HERNIA,24,Gastrointestinal,0.01
PRERENAL FAILURE,24,"Blood sugar, fluids & kidney",0.01
FOOT DEFORMITY,24,Other,0.01
FACE INJURY,24,"Muscle, bone & injury",0.01
ARTERIOSCLEROSIS CORONARY ARTERY,23,Other,0.01
DRUG DEPENDENCE,23,Other,0.01
HEMIPARESIS,23,Other,0.01
OPTIC ATROPHY,23,Eye,0.01
BARRETT'S OESOPHAGUS,23,Gastrointestinal,0.01
CORONARY ARTERIAL STENT INSERTION,23,Other,0.01
POLYMYALGIA RHEUMATICA,23,"Muscle, bone & injury",0.01
MYOPIA,23,Other,0.01
LOSS OF LIBIDO,23,Other,0.01
POST-ACUTE COVID-19 SYNDROME,23,Infections & breathing,0.01
INFLAMMATORY MARKER INCREASED,23,Other,0.01
PROCEDURAL COMPLICATION,23,Other,0.01
BILIARY TRACT DISORDER,23,Pancreas & gallbladder,0.01
CYANOSIS,23,Other,0.01
PERICARDITIS,23,Other,0.01
THYROID HORMONES INCREASED,23,Cancer & thyroid,0.01
REFLUX GASTRITIS,23,Gastrointestinal,0.01
MORNING SICKNESS,23,Other,0.01
ANAL HAEMORRHAGE,23,Other,0.01
TROPONIN INCREASED,23,Other,0.01
VENTRICULAR FIBRILLATION,23,Other,0.01
OESOPHAGEAL RUPTURE,23,Gastrointestinal,0.01
CHEMOTHERAPY,23,Other,0.01
PULMONARY THROMBOSIS,23,Heart & circulation,0.01
EYE INJURY,23,Eye,0.01
HEPATIC ENZYME ABNORMAL,23,Liver,0.01
REHABILITATION THERAPY,23,Other,0.01
NEUTROPENIA,22,Other,0.01
BLOOD CREATINE INCREASED,22,Other,0.01
ENTEROCOLITIS,22,Gastrointestinal,0.01
BLOOD DISORDER,22,Other,0.01
PULMONARY HYPERTENSION,22,Heart & circulation,0.01
ESCHERICHIA INFECTION,22,Infections & breathing,0.01
BLOOD CALCITONIN INCREASED,22,Other,0.01
BLOOD CALCIUM DECREASED,22,Other,0.01
CUTANEOUS VASCULITIS,22,Other,0.01
EOSINOPHILIA,22,Other,0.01
SKIN ABRASION,22,Skin & hair,0.01
DRUG RESISTANCE,22,Other,0.01
OVARIAN CANCER,22,Cancer & thyroid,0.01
PREGNANCY,22,Other,0.01
ANKLE OPERATION,22,Other,0.01
FACE OEDEMA,22,Other,0.01
ORAL MUCOSAL BLISTERING,22,Other,0.01
EYELID PTOSIS,22,Eye,0.01
CHANGE OF BOWEL HABIT,22,Gastrointestinal,0.01
PSYCHOMOTOR HYPERACTIVITY,22,Other,0.01
THYROIDECTOMY,22,Cancer & thyroid,0.01
HYPOGLYCAEMIC COMA,22,Other,0.01
RESPIRATION ABNORMAL,22,Other,0.01
PANCREATIC NEUROENDOCRINE TUMOUR,22,Pancreas & gallbladder,0.01
SINUS CONGESTION,22,Other,0.01
INTRACRANIAL ANEURYSM,22,Other,0.01
PERIARTHRITIS,22,"Muscle, bone & injury",0.01
DRUG ERUPTION,22,Other,0.01
DIABETIC KETOSIS,22,Other,0.01
SUSPECTED PRODUCT TAMPERING,22,"Dosing, device & product use",0.01
RENAL NEOPLASM,22,Cancer & thyroid,0.01
TACHYPHRENIA,22,Other,0.01
HYDRONEPHROSIS,22,"Blood sugar, fluids & kidney",0.01
ACUTE HEPATIC FAILURE,22,Liver,0.01
PRODUCT PREPARATION ERROR,22,"Dosing, device & product use",0.01
OEDEMATOUS PANCREATITIS,21,Pancreas & gallbladder,0.01
FAECES PALE,21,Gastrointestinal,0.01
PLASMA CELL MYELOMA,21,Other,0.01
ELECTROCARDIOGRAM ABNORMAL,21,Other,0.01
LAZINESS,21,Other,0.01
TONGUE DISORDER,21,Other,0.01
SERUM FERRITIN INCREASED,21,Other,0.01
FEAR OF DEATH,21,"Outcome words (death, hospital)",0.01
PREGNANCY ON ORAL CONTRACEPTIVE,21,Other,0.01
DYSGRAPHIA,21,Other,0.01
PLATELET COUNT INCREASED,21,Other,0.01
BREAST TENDERNESS,21,Other,0.01
PILOERECTION,21,Other,0.01
PHYSICAL DECONDITIONING,21,Other,0.01
PHYSICAL PRODUCT LABEL ISSUE,21,"Dosing, device & product use",0.01
TUNNEL VISION,21,Eye,0.01
INFLAMMATORY BOWEL DISEASE,21,Gastrointestinal,0.01
FACIAL WASTING,21,Other,0.01
STEATORRHOEA,21,Other,0.01
ABDOMINAL INFECTION,21,Gastrointestinal,0.01
POLYNEUROPATHY,21,Nervous system,0.01
ANOREXIA NERVOSA,21,Other,0.01
TRIGEMINAL NEURALGIA,21,Nervous system,0.01
INTESTINAL HAEMORRHAGE,21,Gastrointestinal,0.01
HYPOVOLAEMIC SHOCK,21,Other,0.01
BODY MASS INDEX DECREASED,21,Other,0.01
OPTIC DISC OEDEMA,21,Eye,0.01
RED BLOOD CELL COUNT DECREASED,21,Other,0.01
DECREASED IMMUNE RESPONSIVENESS,21,Other,0.01
STEVENS-JOHNSON SYNDROME,21,Other,0.01
BLOOD CHOLESTEROL DECREASED,21,Pancreas & gallbladder,0.01
WRONG PATIENT,21,"Dosing, device & product use",0.01
NECK INJURY,21,"Muscle, bone & injury",0.01
MAMMOPLASTY,21,Other,0.01
CONJUNCTIVITIS,21,Other,0.01
LIVER ABSCESS,20,Liver,0.01
ISCHAEMIA,20,Other,0.01
MENSTRUAL CLOTS,20,Other,0.01
PRODUCT KNOWLEDGE DEFICIT,20,"Dosing, device & product use",0.01
RASH VESICULAR,20,Skin & hair,0.01
MULTIPLE FRACTURES,20,"Muscle, bone & injury",0.01
PRODUCT FORMULATION ISSUE,20,"Dosing, device & product use",0.01
ALCOHOLISM,20,Other,0.01
LARGE INTESTINE INFECTION,20,Gastrointestinal,0.01
OPTIC NERVE INJURY,20,Eye,0.01
OLIGURIA,20,Other,0.01
SUPRAVENTRICULAR EXTRASYSTOLES,20,Other,0.01
HAIR GROWTH ABNORMAL,20,Skin & hair,0.01
BREAST CANCER METASTATIC,20,Cancer & thyroid,0.01
RESPIRATORY DISTRESS,20,Infections & breathing,0.01
SPINAL COLUMN INJURY,20,"Muscle, bone & injury",0.01
PRODUCT TASTE ABNORMAL,20,"Dosing, device & product use",0.01
SUSPECTED PRODUCT QUALITY ISSUE,20,"Dosing, device & product use",0.01
UROSEPSIS,20,Infections & breathing,0.01
CARDIOMYOPATHY,20,Other,0.01
TEARFULNESS,20,Other,0.01
SLEEVE GASTRECTOMY,20,Gastrointestinal,0.01
PREGNANCY ON CONTRACEPTIVE,20,Other,0.01
SKIN WARM,20,Skin & hair,0.01
PANCREATOLITHIASIS,20,Pancreas & gallbladder,0.01
ENCEPHALOPATHY,20,Other,0.01
NECROTISING FASCIITIS,20,Other,0.01
NIPPLE PAIN,20,"General (tiredness, pain)",0.01
CARDIAC MURMUR,20,Heart & circulation,0.01
THERMAL BURN,20,Other,0.01
OBSTRUCTIVE AIRWAYS DISORDER,20,Other,0.01
BLOOD PHOSPHORUS DECREASED,20,Other,0.01
SYMPATHOMIMETIC EFFECT,19,Other,0.01
ORAL DISORDER,19,Other,0.01
ANTIPSYCHOTIC DRUG LEVEL INCREASED,19,Other,0.01
REFLUX LARYNGITIS,19,Gastrointestinal,0.01
VASCULAR GRAFT,19,Other,0.01
"HALLUCINATION, VISUAL",19,Eye,0.01
BEZOAR,19,Other,0.01
SUDDEN HEARING LOSS,19,Other,0.01
CHOLANGITIS ACUTE,19,Other,0.01
ALLERGIC COUGH,19,Allergy,0.01
"HALLUCINATION, AUDITORY",19,Other,0.01
MALLORY-WEISS SYNDROME,19,Other,0.01
HEPATOTOXICITY,19,Liver,0.01
DERMATITIS ATOPIC,19,Other,0.01
OBSTRUCTION,19,Other,0.01
PRODUCT USED FOR UNKNOWN INDICATION,19,"Dosing, device & product use",0.01
RENAL STONE REMOVAL,19,"Blood sugar, fluids & kidney",0.01
BRADYPHRENIA,19,Other,0.01
APHTHOUS ULCER,19,Other,0.01
DIABETIC METABOLIC DECOMPENSATION,19,Other,0.01
ASTIGMATISM,19,Other,0.01
AUTOIMMUNE HEPATITIS,19,Liver,0.01
PROSTATIC SPECIFIC ANTIGEN INCREASED,19,Other,0.01
THERAPEUTIC RESPONSE UNEXPECTED,19,Lack of effect,0.01
BLOOD PRESSURE DIASTOLIC INCREASED,19,Heart & circulation,0.01
ANURIA,19,Other,0.01
PETECHIAE,19,Other,0.01
RASH MACULO-PAPULAR,19,Skin & hair,0.01
EJECTION FRACTION DECREASED,19,Other,0.01
LEUKOPENIA,19,Other,0.01
SKIN TIGHTNESS,19,Skin & hair,0.01
METABOLIC DYSFUNCTION-ASSOCIATED LIVER DISEASE,19,Liver,0.01
ROTATOR CUFF REPAIR,19,Other,0.01
BODY HEIGHT DECREASED,19,Other,0.01
OESOPHAGEAL INJURY,19,Gastrointestinal,0.01
INGUINAL HERNIA,19,Other,0.01
METASTASES TO LYMPH NODES,18,Other,0.01
CONTRAINDICATED PRODUCT ADMINISTERED,18,"Dosing, device & product use",0.01
PRE-ECLAMPSIA,18,Other,0.01
HEPATIC FIBROSIS,18,Liver,0.01
LYMPHADENITIS,18,Other,0.01
RENAL TRANSPLANT,18,"Blood sugar, fluids & kidney",0.01
SEROTONIN SYNDROME,18,Other,0.01
FOREIGN BODY IN THROAT,18,Infections & breathing,0.01
PANCREATIC CARCINOMA STAGE IV,18,Pancreas & gallbladder,0.01
PLANTAR FASCIITIS,18,Other,0.01
ANIMAL BITE,18,Other,0.01
ANXIETY DISORDER,18,Mental health & sleep,0.01
HEMIPLEGIA,18,Other,0.01
VARICOSE VEIN,18,Other,0.01
PROSTATOMEGALY,18,Other,0.01
CRANIOFACIAL FRACTURE,18,"Muscle, bone & injury",0.01
ENZYME LEVEL INCREASED,18,Other,0.01
AUTONOMIC NERVOUS SYSTEM IMBALANCE,18,Nervous system,0.01
EXCESSIVE SKIN,18,Skin & hair,0.01
BONE DENSITY DECREASED,18,Other,0.01
GASTRIC PERFORATION,18,Gastrointestinal,0.01
PNEUMATOSIS INTESTINALIS,18,Gastrointestinal,0.01
ABDOMINAL ADHESIONS,18,Gastrointestinal,0.01
EYE DISCHARGE,18,Eye,0.01
COMPLICATION ASSOCIATED WITH DEVICE,18,"Dosing, device & product use",0.01
SKIN INFECTION,18,Infections & breathing,0.01
DRUG DIVERSION,18,Other,0.01
STRESS CARDIOMYOPATHY,18,Mental health & sleep,0.01
POSTPRANDIAL HYPOGLYCAEMIA,18,"Blood sugar, fluids & kidney",0.01
CARBOHYDRATE ANTIGEN 19-9 INCREASED,18,Other,0.01
HAEMATOCRIT INCREASED,18,Other,0.01
SINUS HEADACHE,18,Nervous system,0.01
RETINAL OEDEMA,18,Eye,0.01
DISSOCIATION,18,Other,0.01
FURUNCLE,18,Other,0.01
UNINTENDED PREGNANCY,18,Other,0.01
EAR DISORDER,18,Other,0.01
CHEILITIS,18,Other,0.01
FAECAL VOMITING,18,Gastrointestinal,0.01
GASTRIC POLYPS,18,Gastrointestinal,0.01
CYSTITIS INTERSTITIAL,17,Other,0.01
DELUSION,17,Other,0.01
POSTOPERATIVE WOUND INFECTION,17,Infections & breathing,0.01
GASTRITIS EROSIVE,17,Gastrointestinal,0.01
RENAL COLIC,17,"Blood sugar, fluids & kidney",0.01
TONGUE DISCOLOURATION,17,Other,0.01
CARDIOMEGALY,17,Other,0.01
SUBDURAL HAEMATOMA,17,Other,0.01
METABOLIC SYNDROME,17,Other,0.01
STEROID THERAPY,17,Other,0.01
HANGOVER,17,Other,0.01
PERIPHERAL ARTERIAL OCCLUSIVE DISEASE,17,Other,0.01
CATHETERISATION CARDIAC,17,Heart & circulation,0.01
READING DISORDER,17,Other,0.01
BRADYKINESIA,17,Other,0.01
SHOCK HYPOGLYCAEMIC,17,Other,0.01
BLADDER PAIN,17,"General (tiredness, pain)",0.01
LIPIDS INCREASED,17,Other,0.01
HYPOPHOSPHATAEMIA,17,Other,0.01
COMPRESSION FRACTURE,17,"Muscle, bone & injury",0.01
NAIL DISORDER,17,Other,0.01
EXPOSURE VIA SKIN CONTACT,17,"Dosing, device & product use",0.01
DRUG INEFFECTIVE FOR UNAPPROVED INDICATION,17,Lack of effect,0.01
MYOPATHY,17,Other,0.01
INTERNATIONAL NORMALISED RATIO DECREASED,17,Other,0.01
INCREASED TENDENCY TO BRUISE,17,Other,0.01
CIRCUMSTANCE OR INFORMATION CAPABLE OF LEADING TO MEDICATION ERROR,17,"Dosing, device & product use",0.01
CLOSTRIDIUM DIFFICILE COLITIS,17,Gastrointestinal,0.01
VULVOVAGINAL BURNING SENSATION,17,Nervous system,0.01
ABNORMAL UTERINE BLEEDING,17,Other,0.01
EAR SWELLING,17,"General (tiredness, pain)",0.01
OESOPHAGEAL STENOSIS,17,Gastrointestinal,0.01
GASTROINTESTINAL CARCINOMA,17,Gastrointestinal,0.01
AORTIC ANEURYSM,17,Other,0.01
ABDOMINAL OPERATION,17,Gastrointestinal,0.01
THYROID CYST,17,Cancer & thyroid,0.01
PURPURA,17,Other,0.01
PANCREATIC PSEUDOCYST,17,Pancreas & gallbladder,0.01
DUMPING SYNDROME,16,Other,0.01
MENOPAUSAL SYMPTOMS,16,Other,0.01
FEMORAL NECK FRACTURE,16,"Muscle, bone & injury",0.01
SKIN INJURY,16,"Muscle, bone & injury",0.01
PRESCRIBED UNDERDOSE,16,"Dosing, device & product use",0.01
GASTRIC ULCER HAEMORRHAGE,16,Gastrointestinal,0.01
INTERSTITIAL LUNG DISEASE,16,Other,0.01
INJECTION SITE DRYNESS,16,Injection site,0.01
MITRAL VALVE INCOMPETENCE,16,Other,0.01
LISTLESS,16,Other,0.01
PROTEIN URINE PRESENT,16,Other,0.01
SKIN FISSURES,16,Skin & hair,0.01
FOURNIER'S GANGRENE,16,Other,0.01
HYPOGLYCAEMIC SEIZURE,16,Nervous system,0.01
NEUTROPHIL COUNT INCREASED,16,Other,0.01
HIDRADENITIS,16,Other,0.01
HORDEOLUM,16,Other,0.01
PRODUCT DESIGN CONFUSION,16,"Dosing, device & product use",0.01
EYE CONTUSION,16,Eye,0.01
PARANASAL SINUS HYPERSECRETION,16,Other,0.01
OESOPHAGEAL CARCINOMA,16,Gastrointestinal,0.01
PANCREATIC ENLARGEMENT,16,Pancreas & gallbladder,0.01
THYROID FUNCTION TEST ABNORMAL,16,Cancer & thyroid,0.01
PRODUCT COUNTERFEIT,16,"Dosing, device & product use",0.01
DIVERTICULUM,16,Gastrointestinal,0.01
TOE AMPUTATION,16,Other,0.01
HYPOMENORRHOEA,16,Other,0.01
FOLLICULAR THYROID CANCER,16,Cancer & thyroid,0.01
ABDOMINAL ABSCESS,16,Gastrointestinal,0.01
COLECTOMY,16,Other,0.01
CERVICAL VERTEBRAL FRACTURE,16,"Muscle, bone & injury",0.01
BEHAVIOUR DISORDER,16,Other,0.01
ANORECTAL DISCOMFORT,16,Gastrointestinal,0.01
COMPLICATED APPENDICITIS,16,Gastrointestinal,0.01
VULVOVAGINAL MYCOTIC INFECTION,16,Infections & breathing,0.01
AXILLARY PAIN,16,"General (tiredness, pain)",0.01
AUTISM SPECTRUM DISORDER,16,Other,0.01
AGORAPHOBIA,16,Other,0.01
ACUTE RESPIRATORY FAILURE,16,Infections & breathing,0.01
CARTILAGE INJURY,16,"Muscle, bone & injury",0.01
AUTOIMMUNE PANCREATITIS,16,Pancreas & gallbladder,0.01
ARTHROPOD STING,16,"Muscle, bone & injury",0.01
BILE ACID MALABSORPTION,16,Other,0.01
VITAMIN B12 INCREASED,16,Other,0.01
APPENDIX DISORDER,16,Other,0.01
VAGINAL INFECTION,16,Infections & breathing,0.01
CORONAVIRUS INFECTION,16,Infections & breathing,0.01
AFFECT LABILITY,15,Other,0.01
HEPATIC ENCEPHALOPATHY,15,Liver,0.01
ABORTION,15,Other,0.01
ABNORMAL WEIGHT GAIN,15,Weight & appetite,0.01
VOCAL CORD DISORDER,15,Other,0.01
PERIPHERAL VASCULAR DISORDER,15,Other,0.01
HYPOPNOEA,15,Other,0.01
THERAPEUTIC PRODUCT EFFECT DELAYED,15,"Dosing, device & product use",0.01
LUMBAR VERTEBRAL FRACTURE,15,"Muscle, bone & injury",0.01
EOSINOPHIL COUNT INCREASED,15,Other,0.01
COVID-19 PNEUMONIA,15,Infections & breathing,0.01
PRURITUS GENITAL,15,Skin & hair,0.01
BODY TEMPERATURE FLUCTUATION,15,Other,0.01
BLOOD PRESSURE SYSTOLIC DECREASED,15,Heart & circulation,0.01
DIABETIC EYE DISEASE,15,Eye,0.01
INHIBITORY DRUG INTERACTION,15,"Dosing, device & product use",0.01
STOMACH MASS,15,Other,0.01
ACNE CYSTIC,15,Other,0.01
CARDIAC FIBRILLATION,15,Heart & circulation,0.01
UTERINE POLYP,15,Other,0.01
NEUROLOGICAL SYMPTOM,15,Other,0.01
DUODENAL ULCER,15,Other,0.01
DROOLING,15,Other,0.01
DRUG ABUSE,15,Other,0.01
DRUG DELIVERY SYSTEM ISSUE,15,Liver,0.01
DRUG DISPENSED TO WRONG PATIENT,15,"Dosing, device & product use",0.01
OESOPHAGEAL DISCOMFORT,15,Gastrointestinal,0.01
BILE DUCT CANCER,15,Cancer & thyroid,0.01
URINARY TRACT DISORDER,15,Other,0.01
SPONDYLITIS,15,Other,0.01
CUSHING'S SYNDROME,15,Other,0.01
HUMERUS FRACTURE,15,"Muscle, bone & injury",0.01
HYPERAESTHESIA TEETH,15,Other,0.01
PANCREATIC ATROPHY,15,Pancreas & gallbladder,0.01
MATERNAL EXPOSURE BEFORE PREGNANCY,15,"Dosing, device & product use",0.01
MACULOPATHY,15,Other,0.01
MALIGNANT NEOPLASM PROGRESSION,15,Cancer & thyroid,0.01
HYPERTONIC BLADDER,15,Other,0.01
SARS-COV-2 TEST POSITIVE,15,Other,0.01
VULVOVAGINAL PAIN,15,"General (tiredness, pain)",0.01
BLOOD CREATININE ABNORMAL,14,"Blood sugar, fluids & kidney",0.01
EAR CONGESTION,14,Other,0.01
FIBRIN D DIMER INCREASED,14,Other,0.01
BLOOD FOLATE DECREASED,14,Other,0.01
BLOOD CREATININE DECREASED,14,"Blood sugar, fluids & kidney",0.01
PROSTATIC OPERATION,14,Other,0.01
COAGULOPATHY,14,Other,0.01
GESTATIONAL DIABETES,14,Other,0.01
ATAXIA,14,Other,0.01
HAIR COLOUR CHANGES,14,Skin & hair,0.01
RESPIRATORY ARREST,14,Infections & breathing,0.01
IMMOBILE,14,Other,0.01
NON-HODGKIN'S LYMPHOMA,14,Cancer & thyroid,0.01
SJOGREN'S SYNDROME,14,Other,0.01
GENERAL PHYSICAL CONDITION ABNORMAL,14,"General (tiredness, pain)",0.01
ABDOMINAL MASS,14,Gastrointestinal,0.01
HAEMATOLOGICAL INFECTION,14,Infections & breathing,0.01
NECROSIS,14,Other,0.01
HYPERKERATOSIS,14,Other,0.01
DRY AGE-RELATED MACULAR DEGENERATION,14,Eye,0.01
TACHYPNOEA,14,Other,0.01
PREMATURE DELIVERY,14,Liver,0.01
SKIN DISCOMFORT,14,Skin & hair,0.01
DEPERSONALISATION/DEREALISATION DISORDER,14,Other,0.01
STRESSED EATING,14,Mental health & sleep,0.01
RESPIRATORY TRACT CONGESTION,14,Infections & breathing,0.01
PANCREATITIS RELAPSING,14,Pancreas & gallbladder,0.01
IDIOPATHIC INTRACRANIAL HYPERTENSION,14,Heart & circulation,0.01
ERYTHEMA MULTIFORME,14,Skin & hair,0.01
HYPERVOLAEMIA,14,Other,0.01
GINGIVAL RECESSION,14,Other,0.01
GASTROINTESTINAL STROMAL TUMOUR,14,Gastrointestinal,0.01
UVEITIS,14,Other,0.01
SOCIAL AVOIDANT BEHAVIOUR,14,Other,0.01
NEPHRITIS,14,Other,0.01
HEPATIC MASS,14,Liver,0.01
URINE KETONE BODY PRESENT,14,Other,0.01
BLOOD BLISTER,14,Other,0.01
BASAL CELL CARCINOMA,14,Cancer & thyroid,0.01
CYSTOCELE,14,Other,0.01
EPIPLOIC APPENDAGITIS,14,Other,0.01
HEPATIC CYST,14,Liver,0.01
MUSCLE INJURY,14,"Muscle, bone & injury",0.01
PNEUMONITIS,14,Other,0.01
DEFAECATION DISORDER,14,Other,0.01
MONOPLEGIA,14,Other,0.01
INTESTINAL PSEUDO-OBSTRUCTION,14,Gastrointestinal,0.01
HEPATITIS CHOLESTATIC,14,Pancreas & gallbladder,0.01
SUPERFICIAL VEIN THROMBOSIS,14,Heart & circulation,0.01
ROSACEA,14,Other,0.01
DECUBITUS ULCER,14,Other,0.01
ELECTROCARDIOGRAM QT PROLONGED,14,Other,0.01
POLYCYTHAEMIA,14,Other,0.01
BILIARY DYSKINESIA,13,Pancreas & gallbladder,0.01
LARYNGEAL OEDEMA,13,Other,0.01
THYROID PAIN,13,Cancer & thyroid,0.01
BLOOD TESTOSTERONE INCREASED,13,Other,0.01
FAT TISSUE INCREASED,13,Other,0.01
ANAL ABSCESS,13,Other,0.01
MECHANICAL ILEUS,13,Gastrointestinal,0.01
PNEUMOMEDIASTINUM,13,Other,0.01
LARGE INTESTINAL HAEMORRHAGE,13,Gastrointestinal,0.01
DIABETIC RETINAL OEDEMA,13,Eye,0.01
VULVOVAGINAL DRYNESS,13,Other,0.01
WOUND INFECTION,13,Infections & breathing,0.01
GASTROINTESTINAL HYPERMOTILITY,13,Gastrointestinal,0.01
ATRIOVENTRICULAR BLOCK COMPLETE,13,Other,0.01
FINE MOTOR SKILL DYSFUNCTION,13,Other,0.01
ULCER HAEMORRHAGE,13,Other,0.01
CARPAL TUNNEL DECOMPRESSION,13,Other,0.01
FULL BLOOD COUNT ABNORMAL,13,Other,0.01
ARTHRITIS INFECTIVE,13,"Muscle, bone & injury",0.01
SELF ESTEEM DECREASED,13,Other,0.01
BREAST CANCER RECURRENT,13,Cancer & thyroid,0.01
TRISMUS,13,Other,0.01
VERTIGO POSITIONAL,13,Nervous system,0.01
DRUG DELIVERY SYSTEM MALFUNCTION,13,Liver,0.01
EMOTIONAL POVERTY,13,Mental health & sleep,0.01
SNORING,13,Other,0.01
BRAIN OEDEMA,13,Other,0.01
FOLATE DEFICIENCY,13,Other,0.01
MESENTERIC VEIN THROMBOSIS,13,Heart & circulation,0.01
LYME DISEASE,13,Other,0.01
LIPOEDEMA,13,Other,0.01
NONINFECTIVE GINGIVITIS,13,Other,0.01
GALLBLADDER HYPOFUNCTION,13,Pancreas & gallbladder,0.01
LIP PAIN,13,"General (tiredness, pain)",0.01
AMAUROSIS FUGAX,13,Other,0.01
HEAT STROKE,13,Heart & circulation,0.01
EXPOSURE VIA EYE CONTACT,13,"Dosing, device & product use",0.01
BODY TEMPERATURE ABNORMAL,13,Other,0.01
CHOLELITHOTOMY,13,Pancreas & gallbladder,0.01
GASTRIC INFECTION,13,Gastrointestinal,0.01
INCOHERENT,13,Other,0.01
BLOOD URIC ACID INCREASED,13,Other,0.01
RENAL CELL CARCINOMA,13,Cancer & thyroid,0.01
CENTRAL SEROUS CHORIORETINOPATHY,13,Eye,0.01
PIGMENTATION DISORDER,13,Other,0.01
EYE INFARCTION,13,Eye,0.01
HAIR DISORDER,13,Skin & hair,0.01
INTRA-ABDOMINAL FLUID COLLECTION,13,Gastrointestinal,0.01
FAT TISSUE DECREASED,13,Other,0.01
PRODUCT ADVERTISING ISSUE,13,"Dosing, device & product use",0.01
MYOSITIS,13,Other,0.01
RESPIRATORY RATE INCREASED,13,Infections & breathing,0.01
BIPOLAR I DISORDER,13,Other,0.01
NECK SURGERY,13,Other,0.01
TOOTH INJURY,13,"Muscle, bone & injury",0.01
PRODUCT INEFFECTIVE,13,"Dosing, device & product use",0.01
RENAL TUBULAR NECROSIS,13,"Blood sugar, fluids & kidney",0.01
BLOOD ELECTROLYTES ABNORMAL,13,Other,0.01
DENTAL IMPLANTATION,13,Other,0.01
INTERVERTEBRAL DISC OPERATION,13,Other,0.01
SUPERIOR MESENTERIC ARTERY SYNDROME,12,Other,0.0
OESOPHAGEAL ACHALASIA,12,Gastrointestinal,0.0
HAEMATOCRIT DECREASED,12,Other,0.0
HYPERCHOLESTEROLAEMIA,12,Pancreas & gallbladder,0.0
GINGIVAL SWELLING,12,"General (tiredness, pain)",0.0
STRESS FRACTURE,12,Mental health & sleep,0.0
OBSESSIVE THOUGHTS,12,Other,0.0
HAEMORRHAGIC STROKE,12,Heart & circulation,0.0
ABORTION INDUCED,12,Other,0.0
METABOLIC ALKALOSIS,12,Other,0.0
CENTRAL VISION LOSS,12,Eye,0.0
AGE-RELATED MACULAR DEGENERATION,12,Eye,0.0
ATRIOVENTRICULAR BLOCK FIRST DEGREE,12,Other,0.0
MADAROSIS,12,Other,0.0
METAMORPHOPSIA,12,Other,0.0
TONSILLITIS,12,Other,0.0
MAST CELL ACTIVATION SYNDROME,12,Other,0.0
OSTEONECROSIS,12,Other,0.0
HAEMORRHAGE URINARY TRACT,12,Other,0.0
AORTIC DISSECTION,12,Other,0.0
GASTROINTESTINAL MICROORGANISM OVERGROWTH,12,Gastrointestinal,0.0
HYPOGEUSIA,12,Other,0.0
LIP DISCOLOURATION,12,Other,0.0
INJECTION SITE THROMBOSIS,12,Injection site,0.0
COLON INJURY,12,Gastrointestinal,0.0
HYPERGLYCAEMIC HYPEROSMOLAR NONKETOTIC SYNDROME,12,Other,0.0
PANCREATIC DUCT DILATATION,12,Pancreas & gallbladder,0.0
INAPPROPRIATE SCHEDULE OF PRODUCT DISCONTINUATION,12,"Dosing, device & product use",0.0
PERIPHERAL SENSORY NEUROPATHY,12,Nervous system,0.0
PRODUCT COLOUR ISSUE,12,"Dosing, device & product use",0.0
GLUCOSE URINE PRESENT,12,"Blood sugar, fluids & kidney",0.0
PHARYNGEAL PARAESTHESIA,12,Nervous system,0.0
OLIGODIPSIA,12,Other,0.0
EAR PRURITUS,12,Skin & hair,0.0
LEG AMPUTATION,12,Other,0.0
PANCREAS INFECTION,12,Pancreas & gallbladder,0.0
ABSCESS LIMB,12,Other,0.0
SERUM FERRITIN DECREASED,12,Other,0.0
DEREALISATION,12,Other,0.0
CARDIOGENIC SHOCK,12,Other,0.0
CHOLELITHIASIS OBSTRUCTIVE,12,Pancreas & gallbladder,0.0
SUBARACHNOID HAEMORRHAGE,12,Other,0.0
URINE ANALYSIS ABNORMAL,12,Other,0.0
ABDOMINOPLASTY,12,Other,0.0
BONE LOSS,12,Other,0.0
DEVICE DEPLOYMENT ISSUE,12,"Dosing, device & product use",0.0
SKIN OPERATION,12,Skin & hair,0.0
CLUSTER HEADACHE,12,Nervous system,0.0
CHRONIC LYMPHOCYTIC LEUKAEMIA,12,Other,0.0
INTESTINAL MASS,12,Gastrointestinal,0.0
FOREIGN BODY,12,Other,0.0
CARDIAC FAILURE CHRONIC,12,Heart & circulation,0.0
ENCEPHALITIS,12,Other,0.0
SKIN HYPERPIGMENTATION,12,Skin & hair,0.0
MENINGIOMA,12,Other,0.0
ORAL SURGERY,12,Other,0.0
ENDODONTIC PROCEDURE,12,Other,0.0
FORMICATION,12,Other,0.0
HEPATIC INFECTION,12,Liver,0.0
SEDATION,12,Other,0.0
ACUTE PSYCHOSIS,12,Other,0.0
GASTROINTESTINAL TRACT IRRITATION,12,Gastrointestinal,0.0
TOOTH ABSCESS,12,Other,0.0
HOSPICE CARE,12,Other,0.0
PELVIC FRACTURE,12,"Muscle, bone & injury",0.0
POISONING,12,Other,0.0
ACTIVITIES OF DAILY LIVING DECREASED,12,Other,0.0
FEELING DRUNK,12,"General (tiredness, pain)",0.0
GASTROINTESTINAL WALL THICKENING,12,Gastrointestinal,0.0
GASTROINTESTINAL VIRAL INFECTION,12,Gastrointestinal,0.0
PATELLA FRACTURE,12,"Muscle, bone & injury",0.0
TONGUE DRY,11,Other,0.0
VULVOVAGINAL DISCOMFORT,11,"General (tiredness, pain)",0.0
POSITIVE AIRWAY PRESSURE THERAPY,11,Other,0.0
URINE OUTPUT INCREASED,11,Other,0.0
SCREAMING,11,Other,0.0
LOWER GASTROINTESTINAL HAEMORRHAGE,11,Gastrointestinal,0.0
MYOCARDIAL INJURY,11,Heart & circulation,0.0
COMMUNICATION DISORDER,11,Other,0.0
SKIN STRIAE,11,Skin & hair,0.0
PRODUCT SELECTION ERROR,11,"Dosing, device & product use",0.0
SINUS OPERATION,11,Other,0.0
SUDDEN CARDIAC DEATH,11,"Outcome words (death, hospital)",0.0
SYMPTOM RECURRENCE,11,Other,0.0
PRODUCT CONTAINER ISSUE,11,"Dosing, device & product use",0.0
INTESTINAL DILATATION,11,Gastrointestinal,0.0
IRIDOCYCLITIS,11,Other,0.0
VITH NERVE PARALYSIS,11,Other,0.0
LIBIDO INCREASED,11,Other,0.0
TENDON DISORDER,11,Other,0.0
MESENTERIC LYMPHADENITIS,11,Other,0.0
DENTAL OPERATION,11,Other,0.0
DYSPHEMIA,11,Other,0.0
LIP EXFOLIATION,11,Other,0.0
CAROTID ARTERY OCCLUSION,11,Other,0.0
ALLERGY TO METALS,11,Allergy,0.0
ESSENTIAL TREMOR,11,Nervous system,0.0
HAEMOLYTIC ANAEMIA,11,Other,0.0
CREATINE KINASE INCREASED,11,Other,0.0
RED BLOOD CELL SEDIMENTATION RATE INCREASED,11,Other,0.0
BLOOD LACTATE DEHYDROGENASE INCREASED,11,Other,0.0
BENIGN PROSTATIC HYPERPLASIA,11,Other,0.0
THROAT CANCER,11,Cancer & thyroid,0.0
STRABISMUS,11,Other,0.0
RENAL MASS,11,"Blood sugar, fluids & kidney",0.0
INAPPROPRIATE ANTIDIURETIC HORMONE SECRETION,11,Other,0.0
BLOOD IRON INCREASED,11,Other,0.0
HYPERPARATHYROIDISM,11,Cancer & thyroid,0.0
BODY DYSMORPHIC DISORDER,11,Other,0.0
GALLBLADDER CANCER,11,Pancreas & gallbladder,0.0
CACHEXIA,11,Other,0.0
SLEEP TERROR,11,Mental health & sleep,0.0
TRANSIENT GLOBAL AMNESIA,11,Nervous system,0.0
GLOSSITIS,11,Other,0.0
SPLENIC INFARCTION,11,Other,0.0
PARTIAL SEIZURES,11,Nervous system,0.0
VEIN DISORDER,11,Other,0.0
EHLERS-DANLOS SYNDROME,11,Other,0.0
TONGUE PRURITUS,11,Skin & hair,0.0
PANCYTOPENIA,11,Other,0.0
INTERNATIONAL NORMALISED RATIO ABNORMAL,11,Other,0.0
ACUTE RESPIRATORY DISTRESS SYNDROME,11,Infections & breathing,0.0
BRAIN OPERATION,11,Other,0.0
COORDINATION ABNORMAL,11,Other,0.0
NAIL DISCOLOURATION,11,Other,0.0
STREPTOCOCCAL INFECTION,11,Infections & breathing,0.0
LOOSE TOOTH,11,Other,0.0
PROSTATIC DISORDER,11,Other,0.0
GRIP STRENGTH DECREASED,11,Other,0.0
PROCTITIS,11,Other,0.0
BLOOD PRESSURE DIASTOLIC DECREASED,11,Heart & circulation,0.0
DARK CIRCLES UNDER EYES,11,Eye,0.0
PARANASAL SINUS DISCOMFORT,11,"General (tiredness, pain)",0.0
ELECTROLYTE DEPLETION,11,Other,0.0
INTESTINAL POLYP,11,Gastrointestinal,0.0
HEPATIC NEOPLASM,11,Liver,0.0
PRODUCT PACKAGING CONFUSION,11,"Dosing, device & product use",0.0
LITHIASIS,11,Other,0.0
MARASMUS,11,Other,0.0
AORTIC VALVE REPLACEMENT,11,Other,0.0
PROTEIN TOTAL INCREASED,11,Other,0.0
PRODUCT CONTAMINATION WITH BODY FLUID,11,"Dosing, device & product use",0.0
PITUITARY TUMOUR BENIGN,11,Cancer & thyroid,0.0
CANCER SURGERY,11,Cancer & thyroid,0.0
SPINAL COMPRESSION FRACTURE,11,"Muscle, bone & injury",0.0
RECTAL CANCER,11,Gastrointestinal,0.0
FOLLICULITIS,11,Other,0.0
FRACTURED COCCYX,11,"Muscle, bone & injury",0.0
PROTEIN URINE,11,Other,0.0
BRUXISM,11,Other,0.0
RECTAL DISCHARGE,11,Gastrointestinal,0.0
ALLERGIC REACTION TO EXCIPIENT,11,Allergy,0.0
CARDIAC VALVE DISEASE,11,Heart & circulation,0.0
ACCIDENTAL EXPOSURE TO PRODUCT BY CHILD,11,"Dosing, device & product use",0.0
TIBIA FRACTURE,11,"Muscle, bone & injury",0.0
LIPOATROPHY,10,Other,0.0
PULMONARY INFARCTION,10,Other,0.0
ALANINE AMINOTRANSFERASE ABNORMAL,10,Liver,0.0
ARTERIAL DISORDER,10,Other,0.0
ANORGASMIA,10,Other,0.0
HYPERTRIGLYCERIDAEMIA,10,Other,0.0
PANCREATIC INJURY,10,Pancreas & gallbladder,0.0
VENOUS THROMBOSIS,10,Heart & circulation,0.0
PERIPHERAL VENOUS DISEASE,10,Other,0.0
METASTASES TO LUNG,10,Other,0.0
HYPOMANIA,10,Other,0.0
URINE FLOW DECREASED,10,Other,0.0
PSYCHIATRIC SYMPTOM,10,Other,0.0
PANCREATIC STEATOSIS,10,Pancreas & gallbladder,0.0
PERIPHERAL ISCHAEMIA,10,Other,0.0
RHINALGIA,10,Other,0.0
SCOLIOSIS,10,Other,0.0
VAGUS NERVE DISORDER,10,Other,0.0
VITAMIN B1 DEFICIENCY,10,Other,0.0
ADRENAL INSUFFICIENCY,10,"Blood sugar, fluids & kidney",0.0
MUSCLE CONTRACTIONS INVOLUNTARY,10,"Muscle, bone & injury",0.0
GENITAL RASH,10,Skin & hair,0.0
PAROTITIS,10,Other,0.0
PULMONARY PAIN,10,"General (tiredness, pain)",0.0
PULMONARY FIBROSIS,10,Other,0.0
LYMPHOCYTE COUNT DECREASED,10,Other,0.0
SUBCUTANEOUS ABSCESS,10,Other,0.0
COCCYDYNIA,10,Other,0.0
PAPULE,10,Other,0.0
BONE CANCER,10,Cancer & thyroid,0.0
THERAPEUTIC PROCEDURE,10,Other,0.0
CERVIX CARCINOMA,10,Cancer & thyroid,0.0
EYE MOVEMENT DISORDER,10,Eye,0.0
RASH MORBILLIFORM,10,Skin & hair,0.0
HYPERBILIRUBINAEMIA,10,Liver,0.0
GASTROINTESTINAL PERFORATION,10,Gastrointestinal,0.0
FACIAL DISCOMFORT,10,"General (tiredness, pain)",0.0
SALMONELLOSIS,10,Other,0.0
FLAT AFFECT,10,Other,0.0
NEURITIS,10,Other,0.0
THYROXINE INCREASED,10,Other,0.0
SYNOVIAL CYST,10,Other,0.0
PITUITARY TUMOUR,10,Cancer & thyroid,0.0
GENERALISED ANXIETY DISORDER,10,Mental health & sleep,0.0
CORNEAL DISORDER,10,Other,0.0
BLOOD POTASSIUM ABNORMAL,10,"Blood sugar, fluids & kidney",0.0
COLITIS MICROSCOPIC,10,Gastrointestinal,0.0
CARDIAC FAILURE ACUTE,10,Heart & circulation,0.0
TYPE V HYPERLIPIDAEMIA,10,Other,0.0
DISEASE RECURRENCE,10,Other,0.0
URINE ALBUMIN/CREATININE RATIO INCREASED,10,"Blood sugar, fluids & kidney",0.0
INJECTION SITE OEDEMA,10,Injection site,0.0
NEPHROTIC SYNDROME,10,"Blood sugar, fluids & kidney",0.0
PNEUMONIA BACTERIAL,10,Infections & breathing,0.0
SYSTEMIC INFLAMMATORY RESPONSE SYNDROME,10,Other,0.0
UNWANTED PREGNANCY,10,Other,0.0
GLOMERULAR FILTRATION RATE ABNORMAL,10,"Blood sugar, fluids & kidney",0.0
BLADDER OPERATION,10,Other,0.0
AURA,10,Other,0.0
CONGENITAL ANOMALY,10,Other,0.0
DISSEMINATED INTRAVASCULAR COAGULATION,10,Other,0.0
RETINAL VASCULAR OCCLUSION,10,Eye,0.0
LACUNAR INFARCTION,10,Other,0.0
BLOOD SODIUM INCREASED,10,Other,0.0
EYELID MARGIN CRUSTING,10,Eye,0.0
AMMONIA INCREASED,10,Other,0.0
MIXED ANXIETY AND DEPRESSIVE DISORDER,10,Mental health & sleep,0.0
ORGAN FAILURE,10,Other,0.0
BREAST CANCER FEMALE,10,Cancer & thyroid,0.0
ACUTE CORONARY SYNDROME,10,Other,0.0
HEAT EXHAUSTION,10,Other,0.0
HIGH DENSITY LIPOPROTEIN DECREASED,10,Other,0.0
ORAL PRURITUS,10,Skin & hair,0.0
COLON CANCER STAGE IV,10,Gastrointestinal,0.0
LIP BLISTER,10,Other,0.0
ALOPECIA AREATA,10,Skin & hair,0.0
OESOPHAGEAL ULCER,10,Gastrointestinal,0.0
MULTIPLE SCLEROSIS RELAPSE,10,Other,0.0
TEMPOROMANDIBULAR PAIN AND DYSFUNCTION SYNDROME,10,"General (tiredness, pain)",0.0
HEPATITIS TOXIC,10,Liver,0.0
PHYSIOTHERAPY,10,Other,0.0
INJECTION SITE EXFOLIATION,10,Injection site,0.0
TEMPERATURE REGULATION DISORDER,10,Other,0.0
DIABETIC GASTROPARESIS,10,Gastrointestinal,0.0
DRUG LEVEL INCREASED,10,Other,0.0
EXOPHTHALMOS,10,Other,0.0
INVASIVE DUCTAL BREAST CARCINOMA,10,Cancer & thyroid,0.0
BILE DUCT STENOSIS,10,Other,0.0
BLOOD INSULIN ABNORMAL,10,Other,0.0
URETEROLITHIASIS,10,Other,0.0
EXPOSURE VIA BREAST MILK,10,"Dosing, device & product use",0.0
HERPES VIRUS INFECTION,10,Infections & breathing,0.0
DRUG SCREEN POSITIVE,10,Other,0.0
HYPERLIPASAEMIA,10,Other,0.0
THROMBOPHLEBITIS,10,Other,0.0
CENTRAL NERVOUS SYSTEM LESION,10,Other,0.0
HYPOMETABOLISM,9,Other,0.0
ATYPICAL PNEUMONIA,9,Infections & breathing,0.0
REACTION TO EXCIPIENT,9,Other,0.0
CARBON DIOXIDE DECREASED,9,Other,0.0
OPHTHALMOPLEGIA,9,Other,0.0
ENDOMETRIAL THICKENING,9,Other,0.0
CEREBROSPINAL FLUID LEAKAGE,9,Other,0.0
LUMBAR SPINAL STENOSIS,9,Other,0.0
HYDROCEPHALUS,9,Other,0.0
SCIATIC NERVE INJURY,9,"Muscle, bone & injury",0.0
SUDDEN VISUAL LOSS,9,Eye,0.0
PRODUCT DISTRIBUTION ISSUE,9,"Dosing, device & product use",0.0
FOETAL GROWTH RESTRICTION,9,Other,0.0
ESSENTIAL HYPERTENSION,9,Heart & circulation,0.0
FOETAL DEATH,9,"Outcome words (death, hospital)",0.0
OESOPHAGEAL OBSTRUCTION,9,Gastrointestinal,0.0
ERYSIPELAS,9,Other,0.0
OESOPHAGEAL MOTILITY DISORDER,9,Gastrointestinal,0.0
SPINAL LAMINECTOMY,9,Other,0.0
HYPERMETROPIA,9,Other,0.0
AZOTAEMIA,9,Other,0.0
PRODUCT ADMINISTRATION INTERRUPTED,9,"Dosing, device & product use",0.0
METABOLIC ENCEPHALOPATHY,9,Other,0.0
PRODUCT CONTAMINATION,9,"Dosing, device & product use",0.0
BLOOD ALBUMIN DECREASED,9,Other,0.0
SINGLE FUNCTIONAL KIDNEY,9,"Blood sugar, fluids & kidney",0.0
HEPATOCELLULAR INJURY,9,Liver,0.0
TYPE IV HYPERSENSITIVITY REACTION,9,Allergy,0.0
MANUFACTURING PRODUCT SHIPPING ISSUE,9,"Dosing, device & product use",0.0
OVARIAN CYST RUPTURED,9,Other,0.0
TUBERCULOSIS,9,Other,0.0
EYE OEDEMA,9,Eye,0.0
ALCOHOL USE,9,Other,0.0
SUSPECTED COVID-19,9,Infections & breathing,0.0
ALCOHOL INTOLERANCE,9,Other,0.0
ALCOHOL INTERACTION,9,Other,0.0
AMYLOIDOSIS,9,Other,0.0
SUSPECTED PRODUCT CONTAMINATION,9,"Dosing, device & product use",0.0
HYPERACTIVE PHARYNGEAL REFLEX,9,Other,0.0
LUPUS-LIKE SYNDROME,9,Other,0.0
WHITE BLOOD CELL COUNT ABNORMAL,9,Other,0.0
COLOUR BLINDNESS,9,Eye,0.0
AORTIC ARTERIOSCLEROSIS,9,Other,0.0
SQUAMOUS CELL CARCINOMA,9,Cancer & thyroid,0.0
JOB DISSATISFACTION,9,Other,0.0
INSULINOMA,9,Other,0.0
MULTI-ORGAN DISORDER,9,Other,0.0
LIPASE ABNORMAL,9,Pancreas & gallbladder,0.0
SPLENIC VEIN THROMBOSIS,9,Heart & circulation,0.0
RENAL INFARCT,9,"Blood sugar, fluids & kidney",0.0
SKIN INDURATION,9,Skin & hair,0.0
SMALL FIBRE NEUROPATHY,9,Nervous system,0.0
SLOW SPEECH,9,Other,0.0
BENIGN NEOPLASM,9,Cancer & thyroid,0.0
UMBILICAL HERNIA REPAIR,9,Other,0.0
FUNGAL SKIN INFECTION,9,Infections & breathing,0.0
DEVICE DISPENSING ERROR,9,"Dosing, device & product use",0.0
GASTROINTESTINAL NEUROENDOCRINE TUMOUR,9,Gastrointestinal,0.0
BLADDER DISCOMFORT,9,"General (tiredness, pain)",0.0
SKIN NECROSIS,9,Skin & hair,0.0
CAROTID ARTERY DISEASE,9,Other,0.0
PSEUDOPAPILLOEDEMA,9,Other,0.0
DYSLIPIDAEMIA,9,Other,0.0
MILIARIA,9,Other,0.0
MIDDLE EAR EFFUSION,9,Other,0.0
UNDERWEIGHT,9,Weight & appetite,0.0
ASPHYXIA,9,Other,0.0
TRANSFUSION,9,Other,0.0
MICTURITION FREQUENCY DECREASED,9,Other,0.0
DOSING ERROR,9,"Dosing, device & product use",0.0
PREMENSTRUAL SYNDROME,9,Other,0.0
GASTRITIS HAEMORRHAGIC,9,Gastrointestinal,0.0
IMPLANTABLE DEFIBRILLATOR INSERTION,9,Other,0.0
HEART VALVE INCOMPETENCE,9,Heart & circulation,0.0
HAEMANGIOMA OF LIVER,9,Liver,0.0
LIP DISORDER,9,Other,0.0
TRANSCRIPTION MEDICATION ERROR,9,"Dosing, device & product use",0.0
HEART VALVE REPLACEMENT,9,Heart & circulation,0.0
THYROID HORMONES DECREASED,9,Cancer & thyroid,0.0
NARCOLEPSY,9,Other,0.0
LACK OF INJECTION SITE ROTATION,9,Injection site,0.0
ENDOCRINE DISORDER,9,Other,0.0
HYPOTHALAMO-PITUITARY DISORDER,9,Other,0.0
BLOOD LOSS ANAEMIA,9,Other,0.0
THERAPEUTIC PRODUCT INEFFECTIVE,9,"Dosing, device & product use",0.0
MOUTH HAEMORRHAGE,9,Other,0.0
PRODUCT TEMPERATURE EXCURSION ISSUE,9,"Dosing, device & product use",0.0
ANKYLOSING SPONDYLITIS,9,Other,0.0
SUBILEUS,9,Gastrointestinal,0.0
TOOTH DISCOLOURATION,9,Other,0.0
POLYPECTOMY,9,Other,0.0
SELECTIVE EATING DISORDER,9,Weight & appetite,0.0
MOTOR DYSFUNCTION,9,Other,0.0
TOE OPERATION,9,Other,0.0
INJECTION SITE NECROSIS,9,Injection site,0.0
PELVIC HAEMORRHAGE,9,Other,0.0
INJECTION SITE CYST,9,Injection site,0.0
DEVICE OCCLUSION,9,"Dosing, device & product use",0.0
MUSCLE DISCOMFORT,9,"Muscle, bone & injury",0.0
HAEMORRHOIDS THROMBOSED,8,Other,0.0
JOINT NOISE,8,"Muscle, bone & injury",0.0
SALIVARY HYPOSECRETION,8,Other,0.0
INJECTION SITE DERMATITIS,8,Injection site,0.0
SINUS PAIN,8,"General (tiredness, pain)",0.0
POST PROCEDURAL HAEMORRHAGE,8,Other,0.0
THROMBOTIC THROMBOCYTOPENIC PURPURA,8,Other,0.0
SPINAL CORD INJURY,8,"Muscle, bone & injury",0.0
CONCOMITANT DISEASE AGGRAVATED,8,Other,0.0
HIGH FREQUENCY ABLATION,8,Other,0.0
MATERNAL EXPOSURE TIMING UNSPECIFIED,8,"Dosing, device & product use",0.0
PITYRIASIS ROSEA,8,Other,0.0
LARYNGOSPASM,8,Other,0.0
POST PROCEDURAL INFLAMMATION,8,"General (tiredness, pain)",0.0
INTRAOCULAR LENS IMPLANT,8,Eye,0.0
EXTRAPYRAMIDAL DISORDER,8,Other,0.0
HEPATOCELLULAR CARCINOMA,8,Liver,0.0
TIC,8,Other,0.0
ANAPLASTIC THYROID CANCER,8,Cancer & thyroid,0.0
CONNECTIVE TISSUE DISORDER,8,Other,0.0
AORTIC VALVE INCOMPETENCE,8,Other,0.0
LEARNING DISABILITY,8,Other,0.0
CALCINOSIS,8,Other,0.0
EXPOSURE TO TOXIC AGENT,8,"Dosing, device & product use",0.0
PHLEBITIS,8,Other,0.0
CEREBRAL VENOUS SINUS THROMBOSIS,8,Heart & circulation,0.0
PLASTIC SURGERY,8,Other,0.0
HAEMORRHOID OPERATION,8,Other,0.0
CONCOMITANT DRUG EFFECT DECREASED,8,Other,0.0
WRONG SCHEDULE,8,"Dosing, device & product use",0.0
ORTHOSTATIC HYPERTENSION,8,Heart & circulation,0.0
GLOMERULAR FILTRATION RATE INCREASED,8,"Blood sugar, fluids & kidney",0.0
SKIN HYPERTROPHY,8,Skin & hair,0.0
RENAL SURGERY,8,"Blood sugar, fluids & kidney",0.0
GASTROINTESTINAL OEDEMA,8,Gastrointestinal,0.0
SKIN INDENTATION,8,Skin & hair,0.0
NEPHROPATHY TOXIC,8,"Blood sugar, fluids & kidney",0.0
THYROID CANCER METASTATIC,8,Cancer & thyroid,0.0
ORTHOPAEDIC PROCEDURE,8,Other,0.0
MASTECTOMY,8,Other,0.0
OPHTHALMIC HERPES ZOSTER,8,Infections & breathing,0.0
RETINOPATHY PROLIFERATIVE,8,Eye,0.0
ATRIOVENTRICULAR BLOCK SECOND DEGREE,8,Other,0.0
VITAMIN B1 DECREASED,8,Other,0.0
GASTROINTESTINAL STOMA COMPLICATION,8,Gastrointestinal,0.0
DEVICE PHYSICAL PROPERTY ISSUE,8,"Dosing, device & product use",0.0
AMYOTROPHIC LATERAL SCLEROSIS,8,Other,0.0
CERVICAL SPINAL STENOSIS,8,Other,0.0
LARGE INTESTINAL STENOSIS,8,Gastrointestinal,0.0
AORTIC STENOSIS,8,Other,0.0
FAECAL VOLUME DECREASED,8,Other,0.0
INJECTION SITE ATROPHY,8,Injection site,0.0
PRODUCT STERILITY ISSUE,8,"Dosing, device & product use",0.0
GASTROENTERITIS SALMONELLA,8,Gastrointestinal,0.0
MEGACOLON,8,Gastrointestinal,0.0
FIBROSIS,8,Other,0.0
STRANGULATED HERNIA,8,Other,0.0
MYOCARDIAL NECROSIS MARKER INCREASED,8,Heart & circulation,0.0
LABELLED DRUG-DRUG INTERACTION ISSUE,8,"Dosing, device & product use",0.0
RECTAL TENESMUS,8,Gastrointestinal,0.0
SALT CRAVING,8,Other,0.0
CONTRAINDICATED PRODUCT PRESCRIBED,8,"Dosing, device & product use",0.0
DRUG REACTION WITH EOSINOPHILIA AND SYSTEMIC SYMPTOMS,8,Other,0.0
ENURESIS,8,Other,0.0
PROCEDURAL HAEMORRHAGE,8,Other,0.0
HEPATIC ENZYME DECREASED,8,Liver,0.0
INTERNAL HERNIA,8,Other,0.0
SUFFOCATION FEELING,8,"General (tiredness, pain)",0.0
PULSELESS ELECTRICAL ACTIVITY,8,Other,0.0
LYMPHOCYTE COUNT INCREASED,8,Other,0.0
CLAVICLE FRACTURE,8,"Muscle, bone & injury",0.0
CHRONIC DISEASE,8,Other,0.0
HYPERTHERMIA,8,Other,0.0
ANGLE CLOSURE GLAUCOMA,8,Other,0.0
CHRONIC FATIGUE SYNDROME,8,"General (tiredness, pain)",0.0
EPIRETINAL MEMBRANE,8,Eye,0.0
ATRIAL SEPTAL DEFECT,8,Heart & circulation,0.0
LIVER TRANSPLANT,8,Liver,0.0
SARCOIDOSIS,8,Other,0.0
VESTIBULAR MIGRAINE,8,Nervous system,0.0
PRIMARY BILIARY CHOLANGITIS,8,Pancreas & gallbladder,0.0
ADRENOCORTICAL INSUFFICIENCY ACUTE,8,Other,0.0
HEPATITIS B,8,Liver,0.0
HEMIPLEGIC MIGRAINE,8,Nervous system,0.0
ANGIOPATHY,8,Other,0.0
MUSCULAR DYSTROPHY,8,"Muscle, bone & injury",0.0
ABORTION MISSED,8,Other,0.0
STERNAL FRACTURE,8,"Muscle, bone & injury",0.0
BUNION OPERATION,8,Other,0.0
WEIGHT GAIN POOR,8,Weight & appetite,0.0
BLOOD CHLORIDE DECREASED,8,Other,0.0
FOOD INTERACTION,8,Other,0.0
PANNICULITIS,8,Other,0.0
ANORECTAL DISORDER,8,Gastrointestinal,0.0
TENDON PAIN,8,"General (tiredness, pain)",0.0
DAIRY INTOLERANCE,8,Other,0.0
LICHEN PLANUS,8,Other,0.0
DUODENAL ULCER PERFORATION,8,Other,0.0
SMALL INTESTINE CARCINOMA,8,Gastrointestinal,0.0
AKATHISIA,8,Other,0.0
PHARYNGEAL HYPOAESTHESIA,8,Nervous system,0.0
EMPHYSEMA,8,Other,0.0
CAPILLARY FRAGILITY,8,Other,0.0
IMMUNOSUPPRESSION,8,Other,0.0
CARDIOVERSION,8,Other,0.0
NASAL SEPTUM DEVIATION,8,Other,0.0
MICTURITION DISORDER,8,Other,0.0
EXCESSIVE EYE BLINKING,8,Eye,0.0
PARATHYROID TUMOUR BENIGN,8,Cancer & thyroid,0.0
GINGIVAL DISORDER,8,Other,0.0
GENITAL HAEMORRHAGE,8,Other,0.0
RESPIRATORY TRACT INFECTION VIRAL,8,Infections & breathing,0.0
PROCEDURAL VOMITING,8,Gastrointestinal,0.0
LOCALISED OEDEMA,8,Other,0.0
THERAPEUTIC PRODUCT EFFECT INCREASED,8,"Dosing, device & product use",0.0
VENOUS OCCLUSION,8,Other,0.0
PATIENT DISSATISFACTION WITH TREATMENT,8,Other,0.0
BREAST OPERATION,8,Other,0.0
THERAPEUTIC PRODUCT EFFECT VARIABLE,8,"Dosing, device & product use",0.0
BREAST SWELLING,7,"General (tiredness, pain)",0.0
CEREBRAL THROMBOSIS,7,Heart & circulation,0.0
VITAMIN B COMPLEX DEFICIENCY,7,Other,0.0
CARDIAC DISCOMFORT,7,Heart & circulation,0.0
OCULAR VASCULAR DISORDER,7,Other,0.0
FOREIGN BODY SENSATION IN EYES,7,Eye,0.0
RECTAL FISSURE,7,Gastrointestinal,0.0
GIANT CELL ARTERITIS,7,Other,0.0
BRONCHOSPASM,7,Infections & breathing,0.0
CARDIAC DYSFUNCTION,7,Heart & circulation,0.0
NEPHRECTOMY,7,Other,0.0
RETINAL DEGENERATION,7,Eye,0.0
CEREBRAL ISCHAEMIA,7,Other,0.0
REFEEDING SYNDROME,7,Weight & appetite,0.0
ANAL FISTULA,7,Other,0.0
ATELECTASIS,7,Other,0.0
OPTIC DISC HAEMORRHAGE,7,Eye,0.0
HEART VALVE OPERATION,7,Heart & circulation,0.0
OMPHALITIS,7,Other,0.0
METASTATIC NEOPLASM,7,Cancer & thyroid,0.0
FIXED ERUPTION,7,Other,0.0
VICTIM OF ABUSE,7,Other,0.0
HEAD TITUBATION,7,Other,0.0
VIOLENCE-RELATED SYMPTOM,7,Other,0.0
STILLBIRTH,7,Other,0.0
RHINOVIRUS INFECTION,7,Infections & breathing,0.0
ARTERIAL THROMBOSIS,7,Heart & circulation,0.0
MYOCARDITIS,7,Other,0.0
CAESAREAN SECTION,7,Other,0.0
GLYCOSYLATED HAEMOGLOBIN,7,"Blood sugar, fluids & kidney",0.0
CARDIAC VENTRICULAR THROMBOSIS,7,Heart & circulation,0.0
ANDROGENETIC ALOPECIA,7,Skin & hair,0.0
SPUTUM DISCOLOURED,7,Other,0.0
ANAPHYLACTOID REACTION,7,Allergy,0.0
ONYCHOMADESIS,7,Other,0.0
BURNING MOUTH SYNDROME,7,Other,0.0
HEAT ILLNESS,7,"General (tiredness, pain)",0.0
CAROTID ARTERY STENOSIS,7,Other,0.0
NASAL DISCOMFORT,7,"General (tiredness, pain)",0.0
ANTINUCLEAR ANTIBODY POSITIVE,7,Other,0.0
HAEMORRHAGE INTRACRANIAL,7,Other,0.0
RESPIRATORY ALKALOSIS,7,Infections & breathing,0.0
MONOCYTE COUNT INCREASED,7,Other,0.0
GASTROINTESTINAL BACTERIAL OVERGROWTH,7,Gastrointestinal,0.0
GASTROINTESTINAL BACTERIAL INFECTION,7,Gastrointestinal,0.0
METASTASES TO PERITONEUM,7,Other,0.0
METASTASIS,7,Other,0.0
GALLBLADDER OBSTRUCTION,7,Pancreas & gallbladder,0.0
FIBULA FRACTURE,7,"Muscle, bone & injury",0.0
HELICOBACTER GASTRITIS,7,Gastrointestinal,0.0
CAROTID ARTERY DISSECTION,7,Other,0.0
NON-CARDIAC CHEST PAIN,7,Heart & circulation,0.0
MUSCLE MASS,7,"Muscle, bone & injury",0.0
ALLERGIC SINUSITIS,7,Allergy,0.0
ORAL MUCOSAL ERYTHEMA,7,Skin & hair,0.0
DERMAL CYST,7,Other,0.0
PROTEIN DEFICIENCY,7,Other,0.0
BLOOD PROLACTIN INCREASED,7,Other,0.0
PLEURISY,7,Other,0.0
SEBORRHOEA,7,Other,0.0
ENDOSCOPY,7,Other,0.0
PARATHYROID DISORDER,7,Cancer & thyroid,0.0
UTERINE PROLAPSE,7,Other,0.0
ADENOCARCINOMA OF COLON,7,Gastrointestinal,0.0
BILIARY SEPSIS,7,Pancreas & gallbladder,0.0
UTERINE SPASM,7,Other,0.0
BLOOD PRESSURE INADEQUATELY CONTROLLED,7,Heart & circulation,0.0
ADDISON'S DISEASE,7,Other,0.0
DIARRHOEA INFECTIOUS,7,Gastrointestinal,0.0
TENSION,7,Other,0.0
DIAPHRAGMALGIA,7,Other,0.0
LIP ERYTHEMA,7,Skin & hair,0.0
CONJUNCTIVAL HAEMORRHAGE,7,Other,0.0
KETONURIA,7,Other,0.0
CONSCIOUSNESS FLUCTUATING,7,Nervous system,0.0
EROSIVE OESOPHAGITIS,7,Gastrointestinal,0.0
DEVICE RELATED INFECTION,7,"Dosing, device & product use",0.0
KERATOMILEUSIS,7,Gastrointestinal,0.0
ERYTHEMA NODOSUM,7,Skin & hair,0.0
LYMPHOPENIA,7,Other,0.0
TRIPLE NEGATIVE BREAST CANCER,7,Cancer & thyroid,0.0
TOXIC SKIN ERUPTION,7,Skin & hair,0.0
POTENTIATING DRUG INTERACTION,7,"Dosing, device & product use",0.0
LARGE INTESTINAL ULCER,7,Gastrointestinal,0.0
LOSS OF EMPLOYMENT,7,Other,0.0
PEPTIC ULCER,7,Other,0.0
TRANSPLANT,7,Other,0.0
LIMB MASS,7,Other,0.0
LIGAMENT INJURY,7,"Muscle, bone & injury",0.0
DUODENAL PERFORATION,7,Other,0.0
LICHEN SCLEROSUS,7,Other,0.0
PSEUDOSTROKE,7,Heart & circulation,0.0
DYSPHORIA,7,Other,0.0
WHITE BLOOD CELLS URINE POSITIVE,7,Other,0.0
UTERINE DILATION AND CURETTAGE,7,Other,0.0
SLEEP PARALYSIS,7,Mental health & sleep,0.0
COLORECTAL CANCER,7,Gastrointestinal,0.0
THROMBOCYTOSIS,7,Other,0.0
BENIGN PANCREATIC NEOPLASM,7,Pancreas & gallbladder,0.0
SKIN TEXTURE ABNORMAL,7,Skin & hair,0.0
INFECTIOUS MONONUCLEOSIS,7,Other,0.0
PERIPHERAL ARTERY OCCLUSION,7,Other,0.0
ADNEXA UTERI PAIN,7,"General (tiredness, pain)",0.0
ECCHYMOSIS,7,Other,0.0
ECONOMIC PROBLEM,7,Other,0.0
BLOOD UREA ABNORMAL,7,Other,0.0
SKIN PLAQUE,7,Skin & hair,0.0
CLUMSINESS,7,Other,0.0
BLOOD THYROID STIMULATING HORMONE ABNORMAL,7,Cancer & thyroid,0.0
ADMINISTRATION SITE BRUISE,7,Other,0.0
SMALL FOR DATES BABY,7,Other,0.0
THERAPEUTIC RESPONSE DELAYED,7,Lack of effect,0.0
DIVERTICULAR PERFORATION,7,Gastrointestinal,0.0
BLADDER CANCER RECURRENT,7,Cancer & thyroid,0.0
HYPERURICAEMIA,7,Other,0.0
INTESTINAL INFARCTION,7,Gastrointestinal,0.0
VASCULAR DEMENTIA,7,Other,0.0
VARICES OESOPHAGEAL,7,Gastrointestinal,0.0
TONGUE COATED,7,Other,0.0
YAWNING,7,Other,0.0
HUMAN CHORIONIC GONADOTROPIN INCREASED,7,Other,0.0
CORNEAL TRANSPLANT,7,Other,0.0
SALIVA ALTERED,7,Other,0.0
DENGUE FEVER,7,Other,0.0
CORTISOL ABNORMAL,7,Other,0.0
BLADDER DYSFUNCTION,7,Other,0.0
SACRAL PAIN,7,"General (tiredness, pain)",0.0
PROCEDURAL NAUSEA,7,Gastrointestinal,0.0
INTENTIONAL DEVICE MISUSE,7,"Dosing, device & product use",0.0
FAECAL CALPROTECTIN INCREASED,7,Other,0.0
TISSUE INJURY,7,"Muscle, bone & injury",0.0
HOMICIDAL IDEATION,7,Other,0.0
PRODUCT PACKAGE ASSOCIATED INJURY,7,"Dosing, device & product use",0.0
CHEST INJURY,7,Heart & circulation,0.0
AVERSION,7,Other,0.0
REBOUND EFFECT,7,Other,0.0
JOINT EFFUSION,7,"Muscle, bone & injury",0.0
ANAESTHETIC COMPLICATION,7,Other,0.0
INTRAOCULAR PRESSURE TEST ABNORMAL,7,Other,0.0
PREMATURE MENOPAUSE,7,Other,0.0
DAYDREAMING,7,Other,0.0
ABDOMINAL INJURY,7,Gastrointestinal,0.0
CRANIAL NERVE PARALYSIS,7,Other,0.0
PRODUCT RESIDUE PRESENT,7,"Dosing, device & product use",0.0
DIVERTICULUM INTESTINAL HAEMORRHAGIC,6,Gastrointestinal,0.0
APNOEA,6,Other,0.0
PHYSICAL DISABILITY,6,Other,0.0
NEUROGENIC BOWEL,6,Gastrointestinal,0.0
INCREASED NEED FOR SLEEP,6,Mental health & sleep,0.0
VITAMIN D INCREASED,6,Other,0.0
"HALLUCINATIONS, MIXED",6,Other,0.0
SKIN NEOPLASM EXCISION,6,Cancer & thyroid,0.0
DRUG EFFECTIVE FOR UNAPPROVED INDICATION,6,Other,0.0
INFARCTION,6,Other,0.0
INCREASED VISCOSITY OF UPPER RESPIRATORY SECRETION,6,Infections & breathing,0.0
TOXIC ENCEPHALOPATHY,6,Other,0.0
GASTRIC MUCOSAL LESION,6,Gastrointestinal,0.0
ABNORMAL MENSTRUAL CLOTS,6,Other,0.0
GLYCOSURIA,6,Other,0.0
STATUS EPILEPTICUS,6,Other,0.0
TYMPANIC MEMBRANE PERFORATION,6,Mental health & sleep,0.0
SKIN WOUND,6,Skin & hair,0.0
HEART DISEASE CONGENITAL,6,Heart & circulation,0.0
INADVERTENT INJECTION AIR BUBBLE,6,Other,0.0
BLEPHARITIS,6,Other,0.0
TONSILLAR DISORDER,6,Other,0.0
PRODUCT LABEL ON WRONG PRODUCT,6,"Dosing, device & product use",0.0
BLADDER NEOPLASM,6,Cancer & thyroid,0.0
BLOOD ALKALINE PHOSPHATASE DECREASED,6,Other,0.0
NEUTROPHIL COUNT DECREASED,6,Other,0.0
TRANSITIONAL CELL CARCINOMA,6,Cancer & thyroid,0.0
INTERVERTEBRAL DISC INJURY,6,"Muscle, bone & injury",0.0
VARICELLA,6,Other,0.0
NEUTROPHILIA,6,Other,0.0
BLADDER IRRITATION,6,Other,0.0
PROCTITIS ULCERATIVE,6,Other,0.0
HEAD AND NECK CANCER,6,Cancer & thyroid,0.0
BLOOD VISCOSITY INCREASED,6,Other,0.0
DRUG MONITORING PROCEDURE NOT PERFORMED,6,Other,0.0
NEUROENDOCRINE CARCINOMA,6,Cancer & thyroid,0.0
DISTRACTIBILITY,6,Other,0.0
ASPARTATE AMINOTRANSFERASE ABNORMAL,6,Liver,0.0
NASAL PRURITUS,6,Skin & hair,0.0
GYNAECOMASTIA,6,Other,0.0
BLOOD PARATHYROID HORMONE INCREASED,6,Cancer & thyroid,0.0
DENTAL DISCOMFORT,6,"General (tiredness, pain)",0.0
PRODUCT WITH QUALITY ISSUE ADMINISTERED,6,"Dosing, device & product use",0.0
HAEMANGIOMA,6,Other,0.0
GENITAL HERPES,6,Infections & breathing,0.0
WRONG DOSAGE FORMULATION,6,"Dosing, device & product use",0.0
INSULIN RESISTANT DIABETES,6,Other,0.0
POSTOPERATIVE WOUND COMPLICATION,6,Other,0.0
CARDIAC DEVICE IMPLANTATION,6,"Dosing, device & product use",0.0
ARTERIAL RUPTURE,6,Other,0.0
KERATITIS,6,Other,0.0
HAEMODIALYSIS,6,Other,0.0
KELOID SCAR,6,Other,0.0
RETINAL INJURY,6,Eye,0.0
INJECTION SITE PAPULE,6,Injection site,0.0
JOINT RANGE OF MOTION DECREASED,6,"Muscle, bone & injury",0.0
PREGNANCY WITH CONTRACEPTIVE DEVICE,6,"Dosing, device & product use",0.0
THYROTOXIC CRISIS,6,Other,0.0
SKIN EROSION,6,Skin & hair,0.0
DIAPHRAGMATIC DISORDER,6,Other,0.0
DIASTOLIC DYSFUNCTION,6,Other,0.0
INFECTION PARASITIC,6,Infections & breathing,0.0
CARDIAC PACEMAKER REPLACEMENT,6,Heart & circulation,0.0
INTERCEPTED WRONG PATIENT SELECTED,6,"Dosing, device & product use",0.0
ADHESION,6,Other,0.0
ISCHAEMIC HEPATITIS,6,Liver,0.0
DISTRIBUTIVE SHOCK,6,Other,0.0
DERMATITIS BULLOUS,6,Other,0.0
RETINAL VASCULAR THROMBOSIS,6,Heart & circulation,0.0
ANTICOAGULATION DRUG LEVEL BELOW THERAPEUTIC,6,Other,0.0
COSTOCHONDRITIS,6,Other,0.0
NAIL GROWTH ABNORMAL,6,Other,0.0
DISEASE PROGRESSION,6,Other,0.0
JAW DISORDER,6,Other,0.0
DISCHARGE,6,Other,0.0
INTENSIVE CARE,6,Other,0.0
DIPLEGIA,6,Other,0.0
MONOPARESIS,6,Other,0.0
PROSTATITIS,6,Other,0.0
DILATED CARDIOMYOPATHY,6,Other,0.0
GUN SHOT WOUND,6,Other,0.0
PNEUMONITIS ASPIRATION,6,Other,0.0
DIFFUSE ALOPECIA,6,Skin & hair,0.0
IMPATIENCE,6,Other,0.0
HEART TRANSPLANT,6,Heart & circulation,0.0
DYSCHROMATOPSIA,6,Other,0.0
EXPOSURE VIA MUCOSA,6,"Dosing, device & product use",0.0
RECURRENT CANCER,6,Cancer & thyroid,0.0
HYPERNATRAEMIA,6,Other,0.0
CHONDROCALCINOSIS,6,Other,0.0
HEPATITIS FULMINANT,6,Liver,0.0
BACTERAEMIA,6,Other,0.0
ANGINA UNSTABLE,6,Other,0.0
SOMNAMBULISM,6,Other,0.0
SOMATIC SYMPTOM DISORDER,6,Other,0.0
ESCHERICHIA URINARY TRACT INFECTION,6,Infections & breathing,0.0
BREAST ATROPHY,6,Other,0.0
RHINITIS,6,Other,0.0
TRIGGER POINTS,6,Other,0.0
BACTERIAL VAGINOSIS,6,Other,0.0
HYPERTROPHIC CARDIOMYOPATHY,6,Other,0.0
OESOPHAGEAL HAEMORRHAGE,6,Gastrointestinal,0.0
FOLLICULAR LYMPHOMA,6,Cancer & thyroid,0.0
EOSINOPHILIC OESOPHAGITIS,6,Gastrointestinal,0.0
TERMINAL INSOMNIA,6,Mental health & sleep,0.0
OESOPHAGEAL ADENOCARCINOMA,6,Gastrointestinal,0.0
PARADOXICAL DRUG REACTION,6,Other,0.0
HYPOBARISM,6,Other,0.0
ENTEROCOLITIS HAEMORRHAGIC,6,Gastrointestinal,0.0
HEPATIC NECROSIS,6,Liver,0.0
PARAPLEGIA,6,Other,0.0
ENTERITIS INFECTIOUS,6,Other,0.0
QUADRIPARESIS,6,Other,0.0
TARDIVE DYSKINESIA,6,Skin & hair,0.0
BRAIN NATRIURETIC PEPTIDE INCREASED,6,Other,0.0
WALKING DISABILITY,6,Other,0.0
CEREBRAL SMALL VESSEL ISCHAEMIC DISEASE,6,Other,0.0
REACTION TO PRESERVATIVES,6,Other,0.0
MEDICAL DEVICE IMPLANTATION,6,"Dosing, device & product use",0.0
VULVOVAGINAL CANDIDIASIS,6,Other,0.0
CERVICAL RADICULOPATHY,6,Other,0.0
SPINAL CORD DISORDER,6,Other,0.0
MELANOCYTIC NAEVUS,6,Other,0.0
MENIERE'S DISEASE,6,Other,0.0
CEREBRAL ATROPHY,6,Other,0.0
BREAST ENLARGEMENT,6,Other,0.0
SUSPECTED TRANSMISSION OF AN INFECTIOUS AGENT VIA PRODUCT,6,Other,0.0
MENISCUS OPERATION,6,Other,0.0
EYELID PAIN,6,Eye,0.0
SUSPECTED DRUG-INDUCED LIVER INJURY,6,Liver,0.0
RADIOTHERAPY,6,Other,0.0
HEPATOSPLENOMEGALY,6,Liver,0.0
BREAST DISCHARGE,6,Other,0.0
AMYLASE ABNORMAL,6,Pancreas & gallbladder,0.0
RADICULOPATHY,6,Other,0.0
BREAST CYST,6,Other,0.0
OVARIAN MASS,6,Other,0.0
CHOLANGITIS INFECTIVE,6,Other,0.0
EYE COLOUR CHANGE,6,Eye,0.0
EYE ALLERGY,6,Allergy,0.0
OXYGEN THERAPY,6,Other,0.0
OCULAR NEOPLASM,6,Cancer & thyroid,0.0
SUICIDE THREAT,6,Mental health & sleep,0.0
PAROTID GLAND ENLARGEMENT,6,Other,0.0
EATING DISORDER SYMPTOM,6,Weight & appetite,0.0
SMALL INTESTINAL PERFORATION,6,Gastrointestinal,0.0
ELBOW OPERATION,6,Other,0.0
ADULTERATED PRODUCT,6,Other,0.0
BUNDLE BRANCH BLOCK RIGHT,6,Other,0.0
CATARACT NUCLEAR,6,Eye,0.0
RHEUMATIC DISORDER,6,Other,0.0
PERIORBITAL OEDEMA,6,Other,0.0
HENOCH-SCHONLEIN PURPURA,6,Other,0.0
ILLUSION,6,Other,0.0
EMBOLISM,6,Heart & circulation,0.0
COATING IN MOUTH,6,Other,0.0
LIP PRURITUS,6,Skin & hair,0.0
COLD-STIMULUS HEADACHE,6,Nervous system,0.0
LIP OEDEMA,6,Other,0.0
PERNICIOUS ANAEMIA,6,Other,0.0
NON-ALCOHOLIC STEATOHEPATITIS,6,Liver,0.0
NON-ALCOHOLIC FATTY LIVER,6,Liver,0.0
UTERINE DISORDER,6,Other,0.0
LOCAL REACTION,6,Other,0.0
BURN OESOPHAGEAL,6,Gastrointestinal,0.0
ANION GAP INCREASED,6,Other,0.0
BULIMIA NERVOSA,6,Other,0.0
CATARACT SUBCAPSULAR,6,Eye,0.0
VOCAL CORD PARALYSIS,6,Other,0.0
PEPTIC ULCER HAEMORRHAGE,6,Other,0.0
PELVIC MASS,6,Other,0.0
CIRCADIAN RHYTHM SLEEP DISORDER,6,Mental health & sleep,0.0
LOW BIRTH WEIGHT BABY,6,Weight & appetite,0.0
BINOCULAR VISUAL DYSFUNCTION,5,Eye,0.0
HERNIA HIATUS REPAIR,5,Other,0.0
HORNER'S SYNDROME,5,Other,0.0
UTERINE CYST,5,Other,0.0
SALIVARY GLAND ENLARGEMENT,5,Other,0.0
VAGINAL ODOUR,5,Other,0.0
SPINA BIFIDA,5,Other,0.0
HYDROCHOLECYSTIS,5,Pancreas & gallbladder,0.0
VESTIBULAR DISORDER,5,Other,0.0
BILE ACIDS INCREASED,5,Other,0.0
HYPERACUSIS,5,Other,0.0
ILLNESS ANXIETY DISORDER,5,Mental health & sleep,0.0
AUTONOMIC NEUROPATHY,5,Nervous system,0.0
HEMIANOPIA HOMONYMOUS,5,Other,0.0
LIPODYSTROPHY ACQUIRED,5,Other,0.0
SPHINCTER OF ODDI DYSFUNCTION,5,Other,0.0
HYPERAMYLASAEMIA,5,Other,0.0
LUNG OPERATION,5,Other,0.0
TONSILLAR HYPERTROPHY,5,Other,0.0
MUSCLE STRENGTH ABNORMAL,5,"Muscle, bone & injury",0.0
INCARCERATED HERNIA,5,Other,0.0
RIGHT VENTRICULAR ENLARGEMENT,5,Other,0.0
URINARY TRACT OBSTRUCTION,5,Other,0.0
MYELITIS TRANSVERSE,5,Other,0.0
BREAST RECONSTRUCTION,5,Other,0.0
LIP HAEMORRHAGE,5,Other,0.0
INTRADUCTAL PROLIFERATIVE BREAST LESION,5,Other,0.0
HIGH DENSITY LIPOPROTEIN INCREASED,5,Other,0.0
INTESTINAL RESECTION,5,Gastrointestinal,0.0
LUMBOSACRAL RADICULOPLEXUS NEUROPATHY,5,Nervous system,0.0
BREAST NEOPLASM,5,Cancer & thyroid,0.0
SCROTAL SWELLING,5,"General (tiredness, pain)",0.0
BRAIN DEATH,5,"Outcome words (death, hospital)",0.0
BREATH SOUNDS ABNORMAL,5,Other,0.0
HIV INFECTION,5,Infections & breathing,0.0
APPLICATION SITE ACNE,5,Other,0.0
SINUS BRADYCARDIA,5,Heart & circulation,0.0
SOCIAL ANXIETY DISORDER,5,Mental health & sleep,0.0
VISUAL BRIGHTNESS,5,Eye,0.0
SPINAL CORD NEOPLASM,5,Cancer & thyroid,0.0
INTERVERTEBRAL DISC COMPRESSION,5,Other,0.0
MIOSIS,5,Other,0.0
GUTTATE PSORIASIS,5,Other,0.0
METASTASES TO BONE,5,Other,0.0
LACK OF CONCOMITANT DRUG EFFECT,5,Other,0.0
HEPATIC ADENOMA,5,Liver,0.0
VASCULAR RUPTURE,5,Other,0.0
SOCIAL PROBLEM,5,Other,0.0
HAEMODYNAMIC INSTABILITY,5,Other,0.0
BILIRUBIN CONJUGATED INCREASED,5,Liver,0.0
INJECTION SITE NERVE DAMAGE,5,Injection site,0.0
MORBID THOUGHTS,5,Other,0.0
BLOOD INSULIN DECREASED,5,Other,0.0
BLOOD IRON ABNORMAL,5,Other,0.0
HYPERVIGILANCE,5,Other,0.0
VASCULAR INJURY,5,"Muscle, bone & injury",0.0
SCLERITIS,5,Other,0.0
MOUTH INJURY,5,"Muscle, bone & injury",0.0
SEIZURE LIKE PHENOMENA,5,Nervous system,0.0
BONE CANCER METASTATIC,5,Cancer & thyroid,0.0
VASCULAR INSUFFICIENCY,5,Other,0.0
BIOPSY KIDNEY,5,"Blood sugar, fluids & kidney",0.0
BLOOD OESTROGEN DECREASED,5,Other,0.0
CAMPYLOBACTER INFECTION,5,Infections & breathing,0.0
VENTRICULAR ARRHYTHMIA,5,Heart & circulation,0.0
INJECTION,5,Other,0.0
LABYRINTHITIS,5,Other,0.0
BENIGN BREAST NEOPLASM,5,Cancer & thyroid,0.0
INFUSION RELATED REACTION,5,Other,0.0
B-CELL LYMPHOMA,5,Cancer & thyroid,0.0
SPLENIC THROMBOSIS,5,Heart & circulation,0.0
VEIN COLLAPSE,5,Other,0.0
BLOOD CREATINE DECREASED,5,Other,0.0
VESTIBULAR NEURONITIS,5,Other,0.0
MERALGIA PARAESTHETICA,5,Other,0.0
AUTOSCOPY,5,Other,0.0
INCREASED DOSE ADMINISTERED,5,"Dosing, device & product use",0.0
HALO VISION,5,Eye,0.0
MAMMOGRAM ABNORMAL,5,Other,0.0
VENTRICULAR SEPTAL DEFECT,5,Other,0.0
IGA NEPHROPATHY,5,"Blood sugar, fluids & kidney",0.0
SIALOADENITIS,5,Other,0.0
INNER EAR DISORDER,5,Other,0.0
ATRIAL TACHYCARDIA,5,Heart & circulation,0.0
RHINITIS ALLERGIC,5,Allergy,0.0
BREAST CANCER STAGE I,5,Cancer & thyroid,0.0
LIVEDO RETICULARIS,5,Other,0.0
HYPERLACTACIDAEMIA,5,Other,0.0
SKIN PAPILLOMA,5,Skin & hair,0.0
IDIOPATHIC PANCREATITIS,5,Pancreas & gallbladder,0.0
VEIN RUPTURE,5,Other,0.0
MYELODYSPLASTIC SYNDROME,5,Other,0.0
BLOOD CREATINE ABNORMAL,5,Other,0.0
APPENDIX CANCER,5,Cancer & thyroid,0.0
PANCREATIC ENZYME ABNORMALITY,5,Pancreas & gallbladder,0.0
VULVOVAGINAL SWELLING,5,"General (tiredness, pain)",0.0
EYE HAEMATOMA,5,Eye,0.0
EYE DEGENERATIVE DISORDER,5,Eye,0.0
OVULATION PAIN,5,"General (tiredness, pain)",0.0
EXTREMITY NECROSIS,5,Other,0.0
TEETH BRITTLE,5,Other,0.0
AMAUROSIS,5,Other,0.0
PYLORIC STENOSIS,5,Other,0.0
EXFOLIATIVE RASH,5,Skin & hair,0.0
PANCREATIC CYSTADENOMA,5,Pancreas & gallbladder,0.0
PANCREATIC DUCT OBSTRUCTION,5,Pancreas & gallbladder,0.0
CHONDROPATHY,5,Other,0.0
EUSTACHIAN TUBE PATULOUS,5,Other,0.0
ALLERGY TO PLANTS,5,Allergy,0.0
EYELID OPERATION,5,Eye,0.0
ESCHERICHIA BACTERAEMIA,5,Other,0.0
PUSTULE,5,Other,0.0
MYELOPATHY,5,Other,0.0
ALCOHOLIC KETOACIDOSIS,5,"Blood sugar, fluids & kidney",0.0
ALCOHOL USE DISORDER,5,Other,0.0
PAPILLOMA VIRAL INFECTION,5,Infections & breathing,0.0
ALCOHOL ABUSE,5,Other,0.0
PULSE ABSENT,5,Other,0.0
TESTICULAR SWELLING,5,"General (tiredness, pain)",0.0
ENDOTRACHEAL INTUBATION,5,Other,0.0
PELVIC DISCOMFORT,5,"General (tiredness, pain)",0.0
PEMPHIGUS,5,Other,0.0
ENCEPHALITIS AUTOIMMUNE,5,Other,0.0
RADIUS FRACTURE,5,"Muscle, bone & injury",0.0
ORTHOSTATIC INTOLERANCE,5,Other,0.0
EJACULATION FAILURE,5,Other,0.0
OLIGOHYDRAMNIOS,5,Other,0.0
GALLBLADDER NECROSIS,5,Pancreas & gallbladder,0.0
RENAL ABSCESS,5,"Blood sugar, fluids & kidney",0.0
NONINFECTIVE SIALOADENITIS,5,Other,0.0
NOSOCOMIAL INFECTION,5,Infections & breathing,0.0
NYSTAGMUS,5,Other,0.0
UMBILICAL HAEMORRHAGE,5,Other,0.0
SUBSTANCE USE,5,Other,0.0
OCULAR HYPERTENSION,5,Heart & circulation,0.0
FOOT AMPUTATION,5,Other,0.0
OESOPHAGEAL FOOD IMPACTION,5,Gastrointestinal,0.0
CELLULITE,5,Other,0.0
OESOPHAGEAL HYPOMOTILITY,5,Gastrointestinal,0.0
VOCAL CORD THICKENING,5,Other,0.0
CENTRAL OBESITY,5,Other,0.0
FACIAL BONES FRACTURE,5,"Muscle, bone & injury",0.0
CEREBELLAR STROKE,5,Heart & circulation,0.0
OPTIC NERVE INFARCTION,5,Eye,0.0
ANAL PRURITUS,5,Skin & hair,0.0
FEAR OF WEIGHT GAIN,5,Weight & appetite,0.0
ORAL INFECTION,5,Infections & breathing,0.0
ORAL MUCOSAL ERUPTION,5,Other,0.0
ANAL CANCER,5,Cancer & thyroid,0.0
ANAESTHETIC COMPLICATION PULMONARY,5,Other,0.0
FAECALITH,5,Other,0.0
FAECAL VOLUME INCREASED,5,Other,0.0
FACIAL PARESIS,5,Other,0.0
TUMOUR MARKER INCREASED,5,Cancer & thyroid,0.0
SYRINGE ISSUE,5,Other,0.0
EMBOLIC STROKE,5,Heart & circulation,0.0
PERINEAL INFECTION,5,Infections & breathing,0.0
GASTRIC BANDING,5,Gastrointestinal,0.0
PREMATURE AGEING,5,Other,0.0
DIABETIC NEPHROPATHY,5,"Blood sugar, fluids & kidney",0.0
POST HERPETIC NEURALGIA,5,Nervous system,0.0
POST PROCEDURAL DIARRHOEA,5,Gastrointestinal,0.0
ACUTE GENERALISED EXANTHEMATOUS PUSTULOSIS,5,Other,0.0
POST PROCEDURAL SEPSIS,5,Infections & breathing,0.0
ACROCHORDON,5,Other,0.0
POSTERIOR REVERSIBLE ENCEPHALOPATHY SYNDROME,5,Other,0.0
CONVERSION DISORDER,5,Other,0.0
DEVICE LOOSENING,5,"Dosing, device & product use",0.0
DEVICE DISLOCATION,5,"Dosing, device & product use",0.0
PRECANCEROUS CELLS PRESENT,5,Cancer & thyroid,0.0
DERMATOMYOSITIS,5,Other,0.0
DERMATOCHALASIS,5,Other,0.0
PRESBYOPIA,5,Other,0.0
PROSTATE INFECTION,5,Infections & breathing,0.0
CORONARY ARTERY DISSECTION,5,Other,0.0
PROCEDURAL FAILURE,5,Other,0.0
ABNORMAL SENSATION IN EYE,5,Eye,0.0
TONGUE BLISTERING,5,Other,0.0
CYTOMEGALOVIRUS INFECTION,5,Infections & breathing,0.0
CYTOGENETIC ABNORMALITY,5,Other,0.0
TONGUE ERUPTION,5,Other,0.0
CYST REMOVAL,5,Other,0.0
TONSILLECTOMY,5,Other,0.0
ABDOMINAL SEPSIS,5,Gastrointestinal,0.0
PRODUCT DESIGN ISSUE,5,"Dosing, device & product use",0.0
TONSIL CANCER,5,Cancer & thyroid,0.0
CRYSTALLURIA,5,Other,0.0
PORTAL HYPERTENSION,5,Heart & circulation,0.0
POLYHYDRAMNIOS,5,Other,0.0
ECZEMA NUMMULAR,5,Other,0.0
DRUG RECHALLENGE POSITIVE,5,Other,0.0
TREATMENT DELAYED,5,Other,0.0
PULMONARY ARTERIAL HYPERTENSION,5,Heart & circulation,0.0
THORACIC VERTEBRAL FRACTURE,5,"Muscle, bone & injury",0.0
THOUGHT BLOCKING,5,Other,0.0
COCHLEA IMPLANT,5,Other,0.0
EAR HAEMORRHAGE,5,Other,0.0
DYSPNOEA AT REST,5,Infections & breathing,0.0
COLON CANCER METASTATIC,5,Gastrointestinal,0.0
PERSONALITY DISORDER,5,Other,0.0
DUST ALLERGY,5,Allergy,0.0
COLON OPERATION,5,Gastrointestinal,0.0
COLOSTOMY,5,Other,0.0
PSEUDOCYST,5,Other,0.0
PHOBIA,5,Other,0.0
THYROID CALCIFICATION,5,Cancer & thyroid,0.0
COMA SCALE ABNORMAL,5,Other,0.0
DROWNING,5,Other,0.0
THROMBOTIC CEREBRAL INFARCTION,5,Other,0.0
THROMBOTIC STROKE,5,Heart & circulation,0.0
DOLICHOCOLON,5,Gastrointestinal,0.0
ADJUSTMENT DISORDER WITH DEPRESSED MOOD,5,Mental health & sleep,0.0
DIVERTICULITIS INTESTINAL PERFORATED,5,Gastrointestinal,0.0
PLATELET DISORDER,5,Other,0.0
ADENOMYOSIS,5,Other,0.0
DISORGANISED SPEECH,5,Other,0.0
PLICATED TONGUE,5,Other,0.0
ADENOCARCINOMA GASTRIC,5,Gastrointestinal,0.0
ADENOCARCINOMA,5,Cancer & thyroid,0.0
NOCTURNAL DYSPNOEA,5,Infections & breathing,0.0
EPICONDYLITIS,5,Other,0.0
GASTRIC NEOPLASM,5,Gastrointestinal,0.0
NICOTINE DEPENDENCE,5,Other,0.0
INTRA-ABDOMINAL HAEMORRHAGE,5,Gastrointestinal,0.0
GINGIVITIS,5,Other,0.0
GASTRIC OPERATION,5,Gastrointestinal,0.0
RESPIRATORY SYMPTOM,5,Infections & breathing,0.0
APLASTIC ANAEMIA,5,Other,0.0
VITAMIN B12 ABNORMAL,5,Other,0.0
NEUROMYELITIS OPTICA SPECTRUM DISORDER,5,Eye,0.0
NASAL DRYNESS,5,Other,0.0
NASAL INJURY,5,"Muscle, bone & injury",0.0
NASAL OPERATION,5,Other,0.0
GENITAL DISCOMFORT,5,"General (tiredness, pain)",0.0
GASTRIC ULCER PERFORATION,5,Gastrointestinal,0.0
GASTRIC VOLVULUS,5,Gastrointestinal,0.0
GASTRITIS BACTERIAL,5,Gastrointestinal,0.0
NEUROGENIC SHOCK,5,Other,0.0
NEURODERMATITIS,5,Other,0.0
NECROTISING OESOPHAGITIS,5,Gastrointestinal,0.0
ANTICOAGULATION DRUG LEVEL ABOVE THERAPEUTIC,5,Other,0.0
GASTROOESOPHAGEAL SPHINCTER INSUFFICIENCY,5,Gastrointestinal,0.0
VITAMIN D ABNORMAL,5,Other,0.0
NERVE BLOCK,5,Other,0.0
CARDIAC MONITORING,5,Heart & circulation,0.0
GASTROINTESTINAL ULCER,5,Gastrointestinal,0.0
GLASSY EYES,5,Eye,0.0
GASTROINTESTINAL POLYP,5,Gastrointestinal,0.0
CARDITIS,5,Other,0.0
GLIOBLASTOMA,5,Other,0.0
MYOCLONUS,5,Other,0.0
TRAUMATIC LUNG INJURY,4,"Muscle, bone & injury",0.0
PSEUDOMONAS INFECTION,4,Infections & breathing,0.0
COLON NEOPLASM,4,Gastrointestinal,0.0
PRODUCT CONTAMINATION PHYSICAL,4,"Dosing, device & product use",0.0
PETIT MAL EPILEPSY,4,Other,0.0
LIMB CRUSHING INJURY,4,"Muscle, bone & injury",0.0
LIMB DEFORMITY,4,Other,0.0
DUPUYTREN'S CONTRACTURE,4,Other,0.0
PERTUSSIS,4,Other,0.0
DYSBIOSIS,4,Other,0.0
PRODUCT ADMINISTERED FROM UNAUTHORISED PROVIDER,4,"Dosing, device & product use",0.0
INADEQUATE ANALGESIA,4,Other,0.0
COLON CANCER STAGE I,4,Gastrointestinal,0.0
MULTIMORBIDITY,4,Other,0.0
BONE CONTUSION,4,"Muscle, bone & injury",0.0
ADRENAL DISORDER,4,"Blood sugar, fluids & kidney",0.0
PERONEAL NERVE INJURY,4,"Muscle, bone & injury",0.0
PERIRECTAL ABSCESS,4,Gastrointestinal,0.0
IMMUNE-MEDIATED MYOSITIS,4,Other,0.0
ABDOMINAL SYMPTOM,4,Gastrointestinal,0.0
RETINAL EXUDATES,4,Eye,0.0
RETINAL ISCHAEMIA,4,Eye,0.0
ADRENAL MASS,4,"Blood sugar, fluids & kidney",0.0
IN VITRO FERTILISATION,4,Other,0.0
VASCULITIC RASH,4,Skin & hair,0.0
PERIPANCREATIC FLUID COLLECTION,4,Pancreas & gallbladder,0.0
LEFT VENTRICULAR HYPERTROPHY,4,Other,0.0
ARTERIOSPASM CORONARY,4,Other,0.0
PHYSICAL ASSAULT,4,Other,0.0
ADMINISTRATION SITE PAIN,4,"General (tiredness, pain)",0.0
BLOOD TRIGLYCERIDES ABNORMAL,4,Other,0.0
BLOOD TRIGLYCERIDES DECREASED,4,Other,0.0
ADMINISTRATION SITE REACTION,4,Other,0.0
BLOOD UREA DECREASED,4,Other,0.0
BLOOD UREA NITROGEN/CREATININE RATIO INCREASED,4,"Blood sugar, fluids & kidney",0.0
LEFT ATRIAL APPENDAGE CLOSURE IMPLANT,4,Heart & circulation,0.0
INCORRECT DISPOSAL OF PRODUCT,4,"Dosing, device & product use",0.0
NASAL SEPTAL OPERATION,4,Other,0.0
MULTIPLE ENDOCRINE NEOPLASIA TYPE 2,4,Other,0.0
INCISIONAL HERNIA,4,Other,0.0
LEGAL PROBLEM,4,Other,0.0
WISDOM TEETH REMOVAL,4,Other,0.0
PHARYNGEAL OEDEMA,4,Other,0.0
AORTIC THROMBOSIS,4,Heart & circulation,0.0
PHARYNGEAL HAEMORRHAGE,4,Other,0.0
PHARYNGEAL ERYTHEMA,4,Skin & hair,0.0
PHARYNGEAL DISORDER,4,Other,0.0
DUCTAL ADENOCARCINOMA OF PANCREAS,4,Pancreas & gallbladder,0.0
PHARMACEUTICAL NOMADISM,4,Other,0.0
LIPIDS ABNORMAL,4,Other,0.0
COAGULATION TIME PROLONGED,4,Other,0.0
BLOOD ALBUMIN INCREASED,4,Other,0.0
BRAIN HYPOXIA,4,Other,0.0
ENDOCRINE OPHTHALMOPATHY,4,Other,0.0
AORTIC ANEURYSM RUPTURE,4,Other,0.0
PATHOGEN RESISTANCE,4,Other,0.0
LOW DENSITY LIPOPROTEIN DECREASED,4,Other,0.0
ENDOMETRIAL HYPERPLASIA,4,Other,0.0
PATERNAL EXPOSURE DURING PREGNANCY,4,"Dosing, device & product use",0.0
SEBORRHOEIC DERMATITIS,4,Other,0.0
WERNICKE-KORSAKOFF SYNDROME,4,Other,0.0
LUMBAR RADICULOPATHY,4,Other,0.0
PARKINSONISM,4,Other,0.0
ABDOMINAL COMPARTMENT SYNDROME,4,Gastrointestinal,0.0
SELF-MEDICATION,4,Other,0.0
PULSE ABNORMAL,4,Other,0.0
URINE KETONE BODY,4,Other,0.0
GASTROINTESTINAL TUBE INSERTION,4,Gastrointestinal,0.0
ALBUMINURIA,4,Other,0.0
HYPOCHLORAEMIA,4,Other,0.0
LUNG CANCER METASTATIC,4,Cancer & thyroid,0.0
ENTEROCOLITIS VIRAL,4,Gastrointestinal,0.0
TERMINAL STATE,4,Other,0.0
NEPHROCALCINOSIS,4,"Blood sugar, fluids & kidney",0.0
RENAL ISCHAEMIA,4,"Blood sugar, fluids & kidney",0.0
HYPOPITUITARISM,4,Other,0.0
HYPOPROTEINAEMIA,4,Other,0.0
LOGORRHOEA,4,Other,0.0
SMALL INTESTINAL RESECTION,4,Gastrointestinal,0.0
HAEMOBILIA,4,Other,0.0
HAEMOCHROMATOSIS,4,Other,0.0
APPENDICOLITH,4,Other,0.0
PERINEAL RASH,4,Skin & hair,0.0
AORTIC DISORDER,4,Other,0.0
EJACULATION DISORDER,4,Other,0.0
ABDOMINAL NEOPLASM,4,Gastrointestinal,0.0
CLOSTRIDIUM TEST POSITIVE,4,Other,0.0
URTICARIAL VASCULITIS,4,Skin & hair,0.0
LIVER FUNCTION TEST DECREASED,4,Liver,0.0
SELF-DESTRUCTIVE BEHAVIOUR,4,Other,0.0
BLISTER INFECTED,4,Other,0.0
TRI-IODOTHYRONINE DECREASED,4,Other,0.0
TRI-IODOTHYRONINE INCREASED,4,Other,0.0
PULMONARY HAEMORRHAGE,4,Other,0.0
PERFORATION BILE DUCT,4,Other,0.0
CLAUSTROPHOBIA,4,Other,0.0
SPONDYLOLISTHESIS,4,Other,0.0
THERAPEUTIC REACTION TIME DECREASED,4,Other,0.0
ABDOMINAL HERNIA REPAIR,4,Gastrointestinal,0.0
CRYSTAL URINE PRESENT,4,Other,0.0
CREATININE RENAL CLEARANCE INCREASED,4,"Blood sugar, fluids & kidney",0.0
PIGMENTATION LIP,4,Other,0.0
PRODUCT CONTAMINATION MICROBIAL,4,"Dosing, device & product use",0.0
SHUNT OCCLUSION,4,Other,0.0
PRODUCT SELECTION ISSUE,4,"Dosing, device & product use",0.0
JOINT LOCK,4,"Muscle, bone & injury",0.0
PRECANCEROUS CONDITION,4,Cancer & thyroid,0.0
SICK LEAVE,4,Other,0.0
INJECTION SITE ULCER,4,Injection site,0.0
STAPHYLOCOCCAL SEPSIS,4,Infections & breathing,0.0
BLOOD FOLLICLE STIMULATING HORMONE INCREASED,4,Other,0.0
DEVICE ALLERGY,4,"Dosing, device & product use",0.0
VASCULAR DEVICE INFECTION,4,"Dosing, device & product use",0.0
BLOOD HIV RNA INCREASED,4,Other,0.0
JUDGEMENT IMPAIRED,4,Other,0.0
BLOOD BILIRUBIN ABNORMAL,4,Liver,0.0
DEVICE COMPUTER ISSUE,4,"Dosing, device & product use",0.0
ACIDOSIS HYPERCHLORAEMIC,4,Other,0.0
AREFLEXIA,4,Other,0.0
KERATOCONUS,4,Other,0.0
POSTOPERATIVE ABSCESS,4,Other,0.0
PRODUCT NAME CONFUSION,4,"Dosing, device & product use",0.0
INJECTION SITE MACULE,4,Injection site,0.0
PRODUCT APPEARANCE CONFUSION,4,"Dosing, device & product use",0.0
POSTERIOR CAPSULE OPACIFICATION,4,Other,0.0
STAB WOUND,4,Other,0.0
TOTAL LUNG CAPACITY DECREASED,4,Other,0.0
PRODUCT ADMINISTERED TO PATIENT OF INAPPROPRIATE AGE,4,"Dosing, device & product use",0.0
JOINT INJECTION,4,"Muscle, bone & injury",0.0
PREMENSTRUAL DYSPHORIC DISORDER,4,Other,0.0
INTERNATIONAL NORMALISED RATIO FLUCTUATION,4,Other,0.0
ISCHAEMIC CARDIOMYOPATHY,4,Other,0.0
IRREGULAR BREATHING,4,Other,0.0
VITAL FUNCTIONS ABNORMAL,4,Other,0.0
PRODUCT OUTER PACKAGING ISSUE,4,"Dosing, device & product use",0.0
DEAFNESS BILATERAL,4,Nervous system,0.0
DEAFNESS NEUROSENSORY,4,Nervous system,0.0
TONGUE BITING,4,Other,0.0
TOOTH EROSION,4,Other,0.0
ITCHING SCAR,4,Other,0.0
BLOOD CHLORIDE INCREASED,4,Other,0.0
CORONARY ARTERY THROMBOSIS,4,Heart & circulation,0.0
ABSCESS INTESTINAL,4,Gastrointestinal,0.0
JAUNDICE NEONATAL,4,Liver,0.0
CORONARY ARTERY STENOSIS,4,Other,0.0
SKIN COSMETIC PROCEDURE,4,Skin & hair,0.0
SKIN DEPIGMENTATION,4,Skin & hair,0.0
PRESCRIPTION FORM TAMPERING,4,"Dosing, device & product use",0.0
ABSCESS ORAL,4,Other,0.0
APRAXIA,4,Other,0.0
DENTAL RESTORATION FAILURE,4,Other,0.0
VASCULAR OCCLUSION,4,Other,0.0
MUSCLE RIGIDITY,4,"Muscle, bone & injury",0.0
KIDNEY ENLARGEMENT,4,"Blood sugar, fluids & kidney",0.0
WOUND HAEMORRHAGE,4,Other,0.0
GESTATIONAL HYPERTENSION,4,Heart & circulation,0.0
DISLOCATION OF VERTEBRA,4,Other,0.0
GENITAL SWELLING,4,"General (tiredness, pain)",0.0
SINUS ARRHYTHMIA,4,Heart & circulation,0.0
INFERTILITY,4,Other,0.0
DISSOCIATIVE DISORDER,4,Other,0.0
NASAL DISORDER,4,Other,0.0
BLOOD TESTOSTERONE ABNORMAL,4,Other,0.0
LARYNGEAL CANCER,4,Cancer & thyroid,0.0
LYMPHADENECTOMY,4,Other,0.0
PLATELET COUNT ABNORMAL,4,Other,0.0
BLOOD ALKALINE PHOSPHATASE ABNORMAL,4,Other,0.0
INTESTINAL ATONY,4,Gastrointestinal,0.0
PLACENTAL INSUFFICIENCY,4,Other,0.0
TRANSFERRIN DECREASED,4,Other,0.0
GLUTEN SENSITIVITY,4,Other,0.0
STENOSIS,4,Other,0.0
PITUITARY-DEPENDENT CUSHING'S SYNDROME,4,Other,0.0
WOUND COMPLICATION,4,Other,0.0
INCREASED UPPER AIRWAY SECRETION,4,Other,0.0
TONSILLAR INFLAMMATION,4,"General (tiredness, pain)",0.0
DISEASE COMPLICATION,4,Other,0.0
CONGENITAL CYSTIC KIDNEY DISEASE,4,"Blood sugar, fluids & kidney",0.0
WRIST SURGERY,4,Other,0.0
GIARDIASIS,4,Other,0.0
KLEBSIELLA INFECTION,4,Infections & breathing,0.0
BLOOD OESTROGEN ABNORMAL,4,Other,0.0
DIABETIC GANGRENE,4,Other,0.0
BIOPSY,4,Other,0.0
INJECTION SITE DEFORMATION,4,Injection site,0.0
KYPHOSIS,4,Other,0.0
GINGIVAL DISCOMFORT,4,"General (tiredness, pain)",0.0
PORTAL VENOUS GAS,4,Other,0.0
PRODUCT CLOSURE REMOVAL DIFFICULT,4,"Dosing, device & product use",0.0
CARDIAC ANEURYSM,4,Heart & circulation,0.0
WOUND SECRETION,4,Other,0.0
GILBERT'S SYNDROME,4,Other,0.0
DIAPHRAGMATIC PARALYSIS,4,Other,0.0
LACTATION INSUFFICIENCY,4,Other,0.0
PROSTATECTOMY,4,Other,0.0
BILIRUBIN URINE PRESENT,4,Liver,0.0
SQUAMOUS CELL CARCINOMA OF SKIN,4,Cancer & thyroid,0.0
LACUNAR STROKE,4,Heart & circulation,0.0
INFUSION,4,Other,0.0
PNEUMOPERITONEUM,4,Other,0.0
VIRAL UPPER RESPIRATORY TRACT INFECTION,4,Infections & breathing,0.0
DISTURBANCE IN SEXUAL AROUSAL,4,Other,0.0
HEART RATE,4,Heart & circulation,0.0
ALCOHOLIC PANCREATITIS,4,Pancreas & gallbladder,0.0
FAT NECROSIS,4,Other,0.0
SPINAL CORD COMPRESSION,4,Other,0.0
RETINAL VEIN THROMBOSIS,4,Heart & circulation,0.0
CALCULUS BLADDER,4,Other,0.0
HISTAMINE LEVEL INCREASED,4,Other,0.0
RUBBER SENSITIVITY,4,Other,0.0
MECHANICAL URTICARIA,4,Skin & hair,0.0
CEREBROVASCULAR DISORDER,4,Heart & circulation,0.0
FAILURE TO THRIVE,4,Other,0.0
ORAL MUCOSAL EXFOLIATION,4,Other,0.0
NEUROPATHIC ARTHROPATHY,4,"Muscle, bone & injury",0.0
MIXED LIVER INJURY,4,Liver,0.0
ORAL LICHEN PLANUS,4,Other,0.0
AUTOIMMUNE HAEMOLYTIC ANAEMIA,4,Other,0.0
FEEDING INTOLERANCE,4,Weight & appetite,0.0
ANAL PROLAPSE,4,Other,0.0
VULVAL HAEMORRHAGE,4,Other,0.0
NEUROTRANSMITTER LEVEL ALTERED,4,Other,0.0
ONYCHOPHAGIA,4,Other,0.0
ONYCHOMYCOSIS,4,Other,0.0
RECTOCELE,4,Other,0.0
VULVOVAGINAL ERYTHEMA,4,Skin & hair,0.0
FACE LIFT,4,Other,0.0
HYPERGAMMAGLOBULINAEMIA BENIGN MONOCLONAL,4,Other,0.0
EYE LASER SURGERY,4,Eye,0.0
WAIST CIRCUMFERENCE INCREASED,4,Other,0.0
UNHEALTHY LIFESTYLE,4,Other,0.0
RETINAL VASCULITIS,4,Eye,0.0
AMPUTATION,4,Other,0.0
OVARIAN NEOPLASM,4,Cancer & thyroid,0.0
STRESS AT WORK,4,Mental health & sleep,0.0
ANTICOAGULANT THERAPY,4,Other,0.0
MANUFACTURING PRODUCTION ISSUE,4,Other,0.0
HYPERAMMONAEMIA,4,Other,0.0
OTITIS EXTERNA,4,Other,0.0
SALIVARY GLAND DISORDER,4,Other,0.0
HYPERAEMIA,4,Other,0.0
RALES,4,Other,0.0
EYELID DISORDER,4,Eye,0.0
EYELID OEDEMA,4,Eye,0.0
SPIDER VEIN,4,Other,0.0
EYELID RASH,4,Eye,0.0
EYELID SKIN DRYNESS,4,Eye,0.0
HUERTHLE CELL CARCINOMA,4,Cancer & thyroid,0.0
TUMOUR EXCISION,4,Cancer & thyroid,0.0
ANTI-THYROID ANTIBODY INCREASED,4,Cancer & thyroid,0.0
HEPATOBILIARY SCAN ABNORMAL,4,Pancreas & gallbladder,0.0
OMENTAL INFARCTION,4,Mental health & sleep,0.0
SPLEEN DISORDER,4,Other,0.0
ANORECTAL SWELLING,4,Gastrointestinal,0.0
HEPATIC CANCER METASTATIC,4,Liver,0.0
RHEGMATOGENOUS RETINAL DETACHMENT,4,Eye,0.0
NUTRITIONAL CONDITION ABNORMAL,4,Other,0.0
NUCHAL RIGIDITY,4,Other,0.0
NIGHT BLINDNESS,4,Eye,0.0
ANTI-NEUTROPHIL CYTOPLASMIC ANTIBODY POSITIVE VASCULITIS,4,Other,0.0
GALLBLADDER CHOLESTEROLOSIS,4,Pancreas & gallbladder,0.0
GALLBLADDER EMPYEMA,4,Pancreas & gallbladder,0.0
NON-PROLIFERATIVE RETINOPATHY,4,Eye,0.0
FLUID IMBALANCE,4,Nervous system,0.0
GALLBLADDER OEDEMA,4,Pancreas & gallbladder,0.0
ANOVULATORY CYCLE,4,Other,0.0
CAROTID ARTERIOSCLEROSIS,4,Other,0.0
RENAL ARTERY STENOSIS,4,"Blood sugar, fluids & kidney",0.0
GASTRECTOMY,4,Gastrointestinal,0.0
VITILIGO,4,Other,0.0
METASTATIC MALIGNANT MELANOMA,4,Cancer & thyroid,0.0
HEART RATE VARIABILITY DECREASED,4,Heart & circulation,0.0
URINARY HESITATION,4,Other,0.0
MIDDLE CEREBRAL ARTERY STROKE,4,Heart & circulation,0.0
SUBDURAL HAEMORRHAGE,4,Other,0.0
FULL BLOOD COUNT DECREASED,4,Other,0.0
CATARACT OPERATION COMPLICATION,4,Eye,0.0
HEPATOBILIARY DISEASE,4,Pancreas & gallbladder,0.0
HEPATOBILIARY CANCER,4,Pancreas & gallbladder,0.0
FOAMING AT MOUTH,4,Other,0.0
VOLVULUS OF SMALL BOWEL,4,Gastrointestinal,0.0
HEPATITIS E,4,Liver,0.0
MILLER FISHER SYNDROME,4,Other,0.0
FOETAL HEART RATE ABNORMAL,4,Heart & circulation,0.0
OESOPHAGEAL IRRITATION,4,Gastrointestinal,0.0
NEUTROPHIL PERCENTAGE INCREASED,4,Other,0.0
ANGIOPLASTY,4,Other,0.0
OESOPHAGEAL CANDIDIASIS,4,Gastrointestinal,0.0
SPINAL NERVE STIMULATOR IMPLANTATION,4,Other,0.0
ANIMAL SCRATCH,4,Other,0.0
RED CELL DISTRIBUTION WIDTH INCREASED,4,Other,0.0
CATHETER PLACEMENT,4,Other,0.0
HEPATIC ISCHAEMIA,4,Liver,0.0
CATATONIA,4,Other,0.0
HEPATIC HAEMORRHAGE,4,Liver,0.0
SUBRETINAL FLUID,4,Eye,0.0
CHOLELITHIASIS MIGRATION,4,Pancreas & gallbladder,0.0
THERAPY PARTIAL RESPONDER,4,Other,0.0
EXPOSURE TO CONTAMINATED DEVICE,4,"Dosing, device & product use",0.0
TENOPLASTY,4,Other,0.0
ERYTHEMA OF EYELID,4,Eye,0.0
SARCOMA,4,Other,0.0
ALTERED VISUAL DEPTH PERCEPTION,4,Eye,0.0
EPISCLERITIS,4,Other,0.0
ANTINUCLEAR ANTIBODY INCREASED,4,Other,0.0
PYELONEPHRITIS ACUTE,4,Other,0.0
URINARY BLADDER HAEMORRHAGE,4,Other,0.0
EPIDURAL INJECTION,4,Other,0.0
PANCREATIC CALCIFICATION,4,Pancreas & gallbladder,0.0
HYPERINSULINAEMIC HYPOGLYCAEMIA,4,"Blood sugar, fluids & kidney",0.0
TENDON OPERATION,4,Other,0.0
ANTINEUTROPHIL CYTOPLASMIC ANTIBODY POSITIVE,4,Other,0.0
CHRONIC HEPATIC FAILURE,4,Liver,0.0
HYPERPARATHYROIDISM PRIMARY,4,Cancer & thyroid,0.0
BACTERIAL TEST POSITIVE,4,Other,0.0
LYMPHOID TISSUE HYPERPLASIA,4,Other,0.0
CHOLESTATIC LIVER INJURY,4,Pancreas & gallbladder,0.0
LYMPHATIC DISORDER,4,Other,0.0
VITAMIN C DEFICIENCY,4,Other,0.0
RETINAL VASCULAR DISORDER,4,Eye,0.0
PANCREATIC NEUROENDOCRINE TUMOUR METASTATIC,4,Pancreas & gallbladder,0.0
HYPERTENSIVE URGENCY,4,Other,0.0
SPLENIC RUPTURE,4,Other,0.0
PANCREATIC ENZYMES DECREASED,4,Pancreas & gallbladder,0.0
RENAL HAEMORRHAGE,4,"Blood sugar, fluids & kidney",0.0
PANCREATIC FIBROSIS,4,Pancreas & gallbladder,0.0
UPPER RESPIRATORY TRACT CONGESTION,4,Infections & breathing,0.0
PATENT DUCTUS ARTERIOSUS,3,Other,0.0
OCULAR MYASTHENIA,3,"General (tiredness, pain)",0.0
ANISOCORIA,3,Other,0.0
ALLERGY TO ARTHROPOD STING,3,Allergy,0.0
AST/ALT RATIO ABNORMAL,3,Other,0.0
MESENTERITIS,3,Other,0.0
PANCREATIC ISLETS HYPERPLASIA,3,Pancreas & gallbladder,0.0
PRE-EXISTING CONDITION IMPROVED,3,Other,0.0
OESOPHAGEAL DILATATION,3,Gastrointestinal,0.0
MESOTHELIOMA,3,Other,0.0
VISUAL ACUITY REDUCED TRANSIENTLY,3,Eye,0.0
ACCIDENTAL DEATH,3,"Outcome words (death, hospital)",0.0
POSTURE ABNORMAL,3,Other,0.0
LOWER RESPIRATORY TRACT CONGESTION,3,Infections & breathing,0.0
PRODUCT SIZE ISSUE,3,"Dosing, device & product use",0.0
LIP ULCERATION,3,Other,0.0
WRONG STRENGTH,3,"Dosing, device & product use",0.0
MILK ALLERGY,3,Allergy,0.0
PELVIC FLOOR DYSFUNCTION,3,Other,0.0
OPHTHALMIC ARTERY ANEURYSM,3,Other,0.0
MAGNESIUM DEFICIENCY,3,Other,0.0
KNEE DEFORMITY,3,Other,0.0
VASCULAR PAIN,3,"General (tiredness, pain)",0.0
SHOCK HAEMORRHAGIC,3,Other,0.0
PROGESTERONE DECREASED,3,Other,0.0
VASCULAR OPERATION,3,Other,0.0
ACUTE LEUKAEMIA,3,Other,0.0
OMENTAL NECROSIS,3,Mental health & sleep,0.0
PENILE HAEMORRHAGE,3,Other,0.0
PENILE ERYTHEMA,3,Skin & hair,0.0
RESPIRATORY RATE DECREASED,3,Infections & breathing,0.0
POST PROCEDURAL SWELLING,3,"General (tiredness, pain)",0.0
MUCOSAL DISORDER,3,Other,0.0
ARTHRITIS BACTERIAL,3,"Muscle, bone & injury",0.0
MUSCLE SWELLING,3,"Muscle, bone & injury",0.0
ARRHYTHMIA SUPRAVENTRICULAR,3,Heart & circulation,0.0
SCHIZOAFFECTIVE DISORDER,3,Other,0.0
WRONG PRODUCT PROCURED,3,"Dosing, device & product use",0.0
PELVIC VENOUS THROMBOSIS,3,Heart & circulation,0.0
POSTOPERATIVE ILEUS,3,Gastrointestinal,0.0
BACTERIAL FOOD POISONING,3,Gastrointestinal,0.0
OESOPHAGEAL VARICES HAEMORRHAGE,3,Gastrointestinal,0.0
POSTPARTUM HAEMORRHAGE,3,Other,0.0
PELVIC FLUID COLLECTION,3,Other,0.0
OESOPHAGEAL PERFORATION,3,Gastrointestinal,0.0
BIOPSY THYROID GLAND,3,Cancer & thyroid,0.0
ABSTAINS FROM ALCOHOL,3,Other,0.0
PARATHYROID TUMOUR,3,Cancer & thyroid,0.0
JOINT ARTHROPLASTY,3,"Muscle, bone & injury",0.0
PURGING,3,Other,0.0
ANTISOCIAL BEHAVIOUR,3,Other,0.0
NON-HIGH-DENSITY LIPOPROTEIN CHOLESTEROL INCREASED,3,Pancreas & gallbladder,0.0
PRODUCT MEASURED POTENCY ISSUE,3,"Dosing, device & product use",0.0
LUNG CARCINOMA CELL TYPE UNSPECIFIED STAGE III,3,Cancer & thyroid,0.0
METASTATIC GASTRIC CANCER,3,Gastrointestinal,0.0
BACTERIAL VULVOVAGINITIS,3,Other,0.0
INVESTIGATION,3,Other,0.0
ABDOMINAL WALL ABSCESS,3,Gastrointestinal,0.0
LUNG CARCINOMA CELL TYPE UNSPECIFIED STAGE IV,3,Cancer & thyroid,0.0
NITRITE URINE PRESENT,3,Other,0.0
LUNG NEOPLASM,3,Cancer & thyroid,0.0
ANTIPSYCHOTIC DRUG LEVEL BELOW THERAPEUTIC,3,Other,0.0
VASCULAR CALCIFICATION,3,Other,0.0
MICROVASCULAR CRANIAL NERVE PALSY,3,Other,0.0
MYCOTIC ALLERGY,3,Allergy,0.0
WEIGHT CONTROL,3,Weight & appetite,0.0
RENAL ARTERY STENT PLACEMENT,3,"Blood sugar, fluids & kidney",0.0
PANCREATOGENOUS DIABETES,3,Pancreas & gallbladder,0.0
PRODUCT DOSAGE FORM ISSUE,3,"Dosing, device & product use",0.0
SINUS NODE DYSFUNCTION,3,Other,0.0
METHAEMOGLOBINAEMIA,3,Other,0.0
ABDOMINAL FAT APRON,3,Gastrointestinal,0.0
INTRAOCULAR PRESSURE DECREASED,3,Other,0.0
MYOCARDIAL FIBROSIS,3,Heart & circulation,0.0
MYELITIS,3,Other,0.0
PANCREATITIS HAEMORRHAGIC,3,Pancreas & gallbladder,0.0
PRODUCT INTOLERANCE,3,"Dosing, device & product use",0.0
INTRACRANIAL HYPOTENSION,3,Heart & circulation,0.0
MICROALBUMINURIA,3,Other,0.0
SINUS ARREST,3,Other,0.0
NON-SMALL CELL LUNG CANCER,3,Cancer & thyroid,0.0
XANTHOPSIA,3,Other,0.0
PANCREATICODUODENECTOMY,3,Pancreas & gallbladder,0.0
RENAL CANCER METASTATIC,3,Cancer & thyroid,0.0
KOUNIS SYNDROME,3,Other,0.0
ABSCESS NECK,3,Other,0.0
RESPIRATORY TRACT IRRITATION,3,Infections & breathing,0.0
VITH NERVE DISORDER,3,Other,0.0
REFUSAL OF TREATMENT BY PATIENT,3,Other,0.0
ATONIC SEIZURES,3,Nervous system,0.0
BLADDER DILATATION,3,Other,0.0
OBSTRUCTIVE SHOCK,3,Other,0.0
IVTH NERVE PARALYSIS,3,Other,0.0
PARATHYROID GLAND OPERATION,3,Cancer & thyroid,0.0
APPLICATION SITE WOUND,3,Other,0.0
ALLERGY TO ANIMAL,3,Allergy,0.0
ANORECTAL OPERATION,3,Gastrointestinal,0.0
APPLICATION SITE EROSION,3,Other,0.0
ISCHAEMIC ENTERITIS,3,Other,0.0
METAPNEUMOVIRUS INFECTION,3,Infections & breathing,0.0
ISCHAEMIC CEREBRAL INFARCTION,3,Other,0.0
PARASOMNIA,3,Other,0.0
LUNG ABSCESS,3,Other,0.0
PARASITIC GASTROENTERITIS,3,Gastrointestinal,0.0
VITAMIN B6 INCREASED,3,Other,0.0
BLADDER HYPERTROPHY,3,Other,0.0
NORMAL TENSION GLAUCOMA,3,Other,0.0
PARANASAL CYST,3,Other,0.0
METASTASES TO CENTRAL NERVOUS SYSTEM,3,Other,0.0
LYMPHADENOPATHY MEDIASTINAL,3,Other,0.0
APPENDICEAL ABSCESS,3,Other,0.0
NIPPLE DISORDER,3,Other,0.0
ATYPICAL MYCOBACTERIAL INFECTION,3,Infections & breathing,0.0
LABELLED DRUG-DRUG INTERACTION MEDICATION ERROR,3,"Dosing, device & product use",0.0
MUSCLE OPERATION,3,"Muscle, bone & injury",0.0
VULVAL CANCER,3,Cancer & thyroid,0.0
AXILLARY MASS,3,Other,0.0
LIGAMENT DISORDER,3,Other,0.0
SALIVARY GLAND NEOPLASM,3,Cancer & thyroid,0.0
LID SULCUS DEEPENED,3,Other,0.0
OTITIS MEDIA,3,Other,0.0
LICHENOID KERATOSIS,3,Other,0.0
PHAEOCHROMOCYTOMA,3,Other,0.0
PHANTOSMIA,3,Other,0.0
LIPOPROTEIN (A) INCREASED,3,Other,0.0
PANCREATECTOMY,3,Pancreas & gallbladder,0.0
NEUROENDOCRINE CARCINOMA OF THE SKIN,3,Cancer & thyroid,0.0
LIPOPROTEIN INCREASED,3,Other,0.0
OSTEOMYELITIS CHRONIC,3,Other,0.0
LIPOSARCOMA,3,Other,0.0
PHARYNGEAL INFLAMMATION,3,"General (tiredness, pain)",0.0
PHARYNGEAL MASS,3,Other,0.0
VULVOVAGINAL RASH,3,Skin & hair,0.0
SEROMA,3,Other,0.0
VASCULAR STENT OCCLUSION,3,Other,0.0
VENTRICULAR HYPOKINESIA,3,Other,0.0
LEIOMYOMA,3,Other,0.0
MOANING,3,Other,0.0
RENAL VEIN THROMBOSIS,3,Heart & circulation,0.0
PYODERMA GANGRENOSUM,3,Other,0.0
VULVOVAGINAL INJURY,3,"Muscle, bone & injury",0.0
PHIMOSIS,3,Other,0.0
PERIODONTITIS,3,Other,0.0
MUCOSAL DRYNESS,3,Other,0.0
LEFT VENTRICULAR FAILURE,3,Other,0.0
OTORRHOEA,3,Other,0.0
PEYRONIE'S DISEASE,3,Other,0.0
OVARIAN CANCER RECURRENT,3,Cancer & thyroid,0.0
PERSISTENT DEPRESSIVE DISORDER,3,Mental health & sleep,0.0
PERIPHERAL SENSORIMOTOR NEUROPATHY,3,Nervous system,0.0
PSYCHOGENIC SEIZURE,3,Nervous system,0.0
PAINFUL RESPIRATION,3,"General (tiredness, pain)",0.0
QUADRIPLEGIA,3,Other,0.0
PALMAR ERYTHEMA,3,Skin & hair,0.0
PERITONEAL ABSCESS,3,Other,0.0
PERITONSILLAR ABSCESS,3,Other,0.0
BENIGN RENAL NEOPLASM,3,Cancer & thyroid,0.0
PERIPHERAL MOTOR NEUROPATHY,3,Nervous system,0.0
LIP INJURY,3,"Muscle, bone & injury",0.0
NECROTISING SOFT TISSUE INFECTION,3,Infections & breathing,0.0
PYURIA,3,Other,0.0
MANDIBULAR MASS,3,Other,0.0
LIPECTOMY,3,Other,0.0
OVARIAN DISORDER,3,Other,0.0
PERIPHERAL EMBOLISM,3,Heart & circulation,0.0
PERSISTENT POSTURAL-PERCEPTUAL DIZZINESS,3,Nervous system,0.0
SALMONELLA TEST POSITIVE,3,Other,0.0
ADRENAL ADENOMA,3,"Blood sugar, fluids & kidney",0.0
MULTIPLE CONGENITAL ABNORMALITIES,3,Other,0.0
AORTIC RUPTURE,3,Other,0.0
SENSITIVITY TO WEATHER CHANGE,3,Other,0.0
LIP AND/OR ORAL CAVITY CANCER,3,Cancer & thyroid,0.0
ADNEXAL TORSION,3,Other,0.0
VASOCONSTRICTION,3,Other,0.0
ADRENAL NEOPLASM,3,Cancer & thyroid,0.0
PSYCHOTIC SYMPTOM,3,Other,0.0
LIMB ASYMMETRY,3,Other,0.0
LEFT VENTRICULAR DYSFUNCTION,3,Other,0.0
MULTIPLE INJURIES,3,Other,0.0
VULVOVAGINAL INFLAMMATION,3,"General (tiredness, pain)",0.0
MAGNETIC RESONANCE IMAGING HEAD ABNORMAL,3,Other,0.0
PNEUMONIA VIRAL,3,Infections & breathing,0.0
ORAL FUNGAL INFECTION,3,Infections & breathing,0.0
POISONING DELIBERATE,3,Other,0.0
NEUROSARCOIDOSIS,3,Other,0.0
POLYARTHRITIS,3,"Muscle, bone & injury",0.0
ACUTE SINUSITIS,3,Infections & breathing,0.0
ANAL HYPOAESTHESIA,3,Nervous system,0.0
PERFORATION,3,Other,0.0
PERFORATED ULCER,3,Other,0.0
MITRAL VALVE PROLAPSE,3,Other,0.0
VICTIM OF CRIME,3,Other,0.0
SEXUAL ACTIVITY DECREASED,3,Other,0.0
MENINGITIS,3,Other,0.0
ACUTE MYELOID LEUKAEMIA,3,Other,0.0
NEUROPSYCHOLOGICAL SYMPTOMS,3,Other,0.0
PROSTATE CANCER METASTATIC,3,Cancer & thyroid,0.0
OPTIC DISC DRUSEN,3,Eye,0.0
ACUTE MACULAR NEURORETINOPATHY,3,Eye,0.0
BIOCHEMICAL PREGNANCY,3,Other,0.0
ANAL ULCER,3,Other,0.0
OPHTHALMIC VASCULAR THROMBOSIS,3,Heart & circulation,0.0
LABILE BLOOD PRESSURE,3,Heart & circulation,0.0
POST CHOLECYSTECTOMY SYNDROME,3,Pancreas & gallbladder,0.0
VIRAL PHARYNGITIS,3,Other,0.0
MENOPAUSAL DISORDER,3,Other,0.0
POST PROCEDURAL CONSTIPATION,3,Gastrointestinal,0.0
SCAR EXCISION,3,Other,0.0
POST PROCEDURAL CONTUSION,3,"Muscle, bone & injury",0.0
VERTEBRAL FORAMINAL STENOSIS,3,Other,0.0
MUSCLE CONTRACTURE,3,"Muscle, bone & injury",0.0
MASTICATION DISORDER,3,Other,0.0
BALANITIS CANDIDA,3,Other,0.0
LEARNING DISORDER,3,Other,0.0
ADRENOMEGALY,3,Other,0.0
SALIVARY GLAND MASS,3,Other,0.0
PERINEAL PAIN,3,"General (tiredness, pain)",0.0
MATERNAL DRUGS AFFECTING FOETUS,3,Other,0.0
ANAEMIA VITAMIN B12 DEFICIENCY,3,Other,0.0
ADMINISTRATION SITE INDENTATION,3,Other,0.0
PICKWICKIAN SYNDROME,3,Other,0.0
SELF-INDUCED VOMITING,3,Gastrointestinal,0.0
RASH PUSTULAR,3,Skin & hair,0.0
LATENT TUBERCULOSIS,3,Other,0.0
OROPHARYNGEAL SPASM,3,Other,0.0
NASAL POLYPS,3,Other,0.0
RETROGRADE EJACULATION,3,Other,0.0
MALABSORPTION FROM INJECTION SITE,3,Injection site,0.0
RUPTURED CEREBRAL ANEURYSM,3,Other,0.0
PULMONARY GRANULOMA,3,Other,0.0
LARYNGEAL DISORDER,3,Other,0.0
MALARIA,3,Other,0.0
ROTATOR CUFF TEAR ARTHROPATHY,3,"Muscle, bone & injury",0.0
MEDIAL TIBIAL STRESS SYNDROME,3,Mental health & sleep,0.0
OROPHARYNGEAL BLISTERING,3,Other,0.0
BEHCET'S SYNDROME,3,Other,0.0
ORGASM ABNORMAL,3,Other,0.0
ORGANISING PNEUMONIA,3,Infections & breathing,0.0
RETINITIS,3,Eye,0.0
MEDICAL DEVICE REMOVAL,3,"Dosing, device & product use",0.0
LIVER TRANSPLANT REJECTION,3,Liver,0.0
NASAL OBSTRUCTION,3,Other,0.0
CRITICAL ILLNESS,3,"General (tiredness, pain)",0.0
INTRA-ABDOMINAL HAEMATOMA,3,Gastrointestinal,0.0
PRODUCT LABEL COUNTERFEIT,3,"Dosing, device & product use",0.0
CARDIAC STRESS TEST ABNORMAL,3,Heart & circulation,0.0
STREPTOCOCCUS TEST POSITIVE,3,Other,0.0
GASTROINTESTINAL ISCHAEMIA,3,Gastrointestinal,0.0
GASTROINTESTINAL MUCOSAL DISORDER,3,Gastrointestinal,0.0
GASTROINTESTINAL NEUROENDOCRINE CARCINOMA,3,Gastrointestinal,0.0
GASTROINTESTINAL SCARRING,3,Gastrointestinal,0.0
GASTROINTESTINAL STOMA OUTPUT INCREASED,3,Gastrointestinal,0.0
GASTROINTESTINAL SURGERY,3,Gastrointestinal,0.0
GASTROINTESTINAL WALL THINNING,3,Gastrointestinal,0.0
GENERAL SYMPTOM,3,Other,0.0
GENITAL ABSCESS,3,Other,0.0
GENITAL INFECTION FUNGAL,3,Infections & breathing,0.0
BLEPHAROPLASTY,3,Other,0.0
CARDIAC ASSISTANCE DEVICE USER,3,"Dosing, device & product use",0.0
GINGIVAL BLISTER,3,Other,0.0
GINGIVAL ERYTHEMA,3,Skin & hair,0.0
STENT REMOVAL,3,Other,0.0
GLARE,3,Other,0.0
GLAUCOMA SURGERY,3,Other,0.0
GLOMERULONEPHRITIS RAPIDLY PROGRESSIVE,3,Other,0.0
URETERIC OBSTRUCTION,3,Other,0.0
GRANULOMATOSIS WITH POLYANGIITIS,3,Other,0.0
GREATER TROCHANTERIC PAIN SYNDROME,3,"General (tiredness, pain)",0.0
URETHRAL OBSTRUCTION,3,Other,0.0
CARDIAC TAMPONADE,3,Heart & circulation,0.0
STRESS POLYCYTHAEMIA,3,Mental health & sleep,0.0
FAT INTOLERANCE,3,Other,0.0
FROSTBITE,3,Other,0.0
FEAR OF DISEASE,3,Other,0.0
CEREBRAL PALSY,3,Other,0.0
SWEATING FEVER,3,Other,0.0
CEREBRAL ARTERIOSCLEROSIS,3,Other,0.0
FISTULA,3,Other,0.0
FLOPPY IRIS SYNDROME,3,Other,0.0
FLUID REPLACEMENT,3,Other,0.0
SUPERFICIAL INJURY OF EYE,3,Eye,0.0
FRACTURED SACRUM,3,"Muscle, bone & injury",0.0
FREEZING PHENOMENON,3,Other,0.0
FRONTOTEMPORAL DEMENTIA,3,Other,0.0
FUCHS' SYNDROME,3,Other,0.0
GASTRIC STENOSIS,3,Gastrointestinal,0.0
FUMBLING,3,Other,0.0
SUBCUTANEOUS DRUG ABSORPTION IMPAIRED,3,Other,0.0
SUBCHORIONIC HAEMATOMA,3,Other,0.0
GAMBLING DISORDER,3,Other,0.0
GAMMA-GLUTAMYLTRANSFERASE ABNORMAL,3,Other,0.0
GASTRIC BANDING REVERSAL,3,Gastrointestinal,0.0
CARDIOVASCULAR INSUFFICIENCY,3,Other,0.0
GASTRIC MUCOSA ERYTHEMA,3,Gastrointestinal,0.0
UNEVALUABLE INVESTIGATION,3,Other,0.0
GASTRIC PNEUMATOSIS,3,Gastrointestinal,0.0
GASTRIC RESIDUAL INCREASED,3,Gastrointestinal,0.0
GUT FERMENTATION SYNDROME,3,Other,0.0
HAEMATOLOGICAL MALIGNANCY,3,Cancer & thyroid,0.0
URETHRAL STENOSIS,3,Other,0.0
URINE OUTPUT FLUCTUATION,3,Other,0.0
HYPERLEUKOCYTOSIS,3,Other,0.0
HYPERPLASTIC CHOLECYSTOPATHY,3,Pancreas & gallbladder,0.0
SOFT TISSUE SWELLING,3,"General (tiredness, pain)",0.0
BREAST ABSCESS,3,Other,0.0
SOFT TISSUE SARCOMA,3,Other,0.0
SOCIOECONOMIC PRECARITY,3,Other,0.0
BRAIN STEM HAEMORRHAGE,3,Other,0.0
HYPOALBUMINAEMIA,3,Other,0.0
BRAIN NEOPLASM MALIGNANT,3,Cancer & thyroid,0.0
HYPOGLYCAEMIA NEONATAL,3,"Blood sugar, fluids & kidney",0.0
HYPOGLYCAEMIA UNAWARENESS,3,"Blood sugar, fluids & kidney",0.0
SMALL INTESTINE NEUROENDOCRINE TUMOUR,3,Gastrointestinal,0.0
HAEMOLYSIS,3,Other,0.0
HYPOREFLEXIA,3,Other,0.0
SMALL INTESTINAL STENOSIS,3,Gastrointestinal,0.0
URINE PROTEIN/CREATININE RATIO INCREASED,3,"Blood sugar, fluids & kidney",0.0
BOTULISM,3,Other,0.0
IDIOPATHIC ANGIOEDEMA,3,Allergy,0.0
IDIOPATHIC PULMONARY FIBROSIS,3,Other,0.0
IIIRD NERVE PARALYSIS,3,Other,0.0
BONE MARROW FAILURE,3,Other,0.0
SLEEP-RELATED EATING DISORDER,3,Weight & appetite,0.0
IMMEDIATE POST-INJECTION REACTION,3,Other,0.0
IMMUNE-MEDIATED ADVERSE REACTION,3,Other,0.0
BREAST CANCER STAGE II,3,Cancer & thyroid,0.0
HYPERGLYCAEMIC UNCONSCIOUSNESS,3,Nervous system,0.0
HYPERGLYCAEMIC SEIZURE,3,Nervous system,0.0
BREAST CANCER STAGE IV,3,Cancer & thyroid,0.0
HAEMOPHILUS INFECTION,3,Infections & breathing,0.0
HAEMORRHAGIC DIATHESIS,3,Other,0.0
HAEMORRHAGIC EROSIVE GASTRITIS,3,Gastrointestinal,0.0
HAND DERMATITIS,3,Other,0.0
CAFFEINE ALLERGY,3,Allergy,0.0
C-REACTIVE PROTEIN DECREASED,3,Other,0.0
HEARING DISABILITY,3,Other,0.0
BURNS THIRD DEGREE,3,Other,0.0
BURNOUT SYNDROME,3,Other,0.0
HELICOBACTER TEST POSITIVE,3,Other,0.0
HEMIANOPIA,3,Other,0.0
BUNDLE BRANCH BLOCK LEFT,3,Other,0.0
URINARY SEDIMENT PRESENT,3,Other,0.0
URINARY TRACT DISCOMFORT,3,"General (tiredness, pain)",0.0
BRONCHITIS CHRONIC,3,Infections & breathing,0.0
HEPATITIS C,3,Liver,0.0
HERNIA PAIN,3,"General (tiredness, pain)",0.0
HERPES SIMPLEX,3,Infections & breathing,0.0
BREAST NECROSIS,3,Other,0.0
HIRSUTISM,3,Other,0.0
HODGKIN'S DISEASE,3,Other,0.0
BREAST DISORDER,3,Other,0.0
HOUSEBOUND,3,Other,0.0
CEREBRAL VASOCONSTRICTION,3,Other,0.0
CEREBRAL VENOUS THROMBOSIS,3,Heart & circulation,0.0
IMMUNOGLOBULIN G4 RELATED DISEASE,3,Other,0.0
CONGENITAL MULTIPLEX ARTHROGRYPOSIS,3,Other,0.0
CONTRAST MEDIA REACTION,3,Other,0.0
CONTRAST MEDIA ALLERGY,3,Allergy,0.0
CONTRAINDICATION TO MEDICAL TREATMENT,3,Other,0.0
DIABETES INSIPIDUS,3,Other,0.0
CONTAMINATED PRODUCT ADMINISTERED,3,"Dosing, device & product use",0.0
THYROID OPERATION,3,Cancer & thyroid,0.0
DIABETIC KETOACIDOTIC HYPERGLYCAEMIC COMA,3,Other,0.0
DIABETIC VASCULAR DISORDER,3,Other,0.0
DIABETIC WOUND,3,Other,0.0
CONGENITAL MUSCULOSKELETAL DISORDER OF LIMBS,3,"Muscle, bone & injury",0.0
CONGENITAL MUSCULOSKELETAL DISORDER,3,"Muscle, bone & injury",0.0
DIASTASIS RECTI ABDOMINIS,3,Other,0.0
COR PULMONALE ACUTE,3,Other,0.0
DIET NONCOMPLIANCE,3,Other,0.0
THYROID CANCER RECURRENT,3,Cancer & thyroid,0.0
DISEASE RISK FACTOR,3,Other,0.0
DOSE CALCULATION ERROR,3,"Dosing, device & product use",0.0
DRUG ABUSER,3,Other,0.0
COMPLICATION OF DEVICE INSERTION,3,"Dosing, device & product use",0.0
DRUG LEVEL DECREASED,3,Other,0.0
DRUG-DEVICE INTERACTION,3,"Dosing, device & product use",0.0
COLORECTAL ADENOMA,3,Gastrointestinal,0.0
COLLAGEN DISORDER,3,Other,0.0
COLECTOMY TOTAL,3,Other,0.0
THYROIDITIS ACUTE,3,Cancer & thyroid,0.0
TOXIC SHOCK SYNDROME,3,Other,0.0
FAMILY STRESS,3,Mental health & sleep,0.0
CYSTITIS ESCHERICHIA,3,Other,0.0
CREPITATIONS,3,Other,0.0
TONGUE ULCERATION,3,Other,0.0
TONGUE SPASM,3,Other,0.0
CUSHINGOID,3,Other,0.0
TONGUE OEDEMA,3,Other,0.0
TONGUE NEOPLASM MALIGNANT STAGE UNSPECIFIED,3,Cancer & thyroid,0.0
TONGUE NEOPLASM,3,Cancer & thyroid,0.0
CUTANEOUS T-CELL LYMPHOMA,3,Cancer & thyroid,0.0
CREATININE RENAL CLEARANCE DECREASED,3,"Blood sugar, fluids & kidney",0.0
TONGUE INJURY,3,"Muscle, bone & injury",0.0
TONGUE ERYTHEMA,3,Skin & hair,0.0
CYSTITIS HAEMORRHAGIC,3,Other,0.0
TIME PERCEPTION ALTERED,3,Other,0.0
CYSTOID MACULAR OEDEMA,3,Eye,0.0
DAWN PHENOMENON,3,Other,0.0
CORTISOL DECREASED,3,Other,0.0
DEFORMITY,3,Other,0.0
TISSUE RUPTURE,3,Other,0.0
DELAYED RECOVERY FROM ANAESTHESIA,3,Other,0.0
TOOTH RESTORATION,3,Other,0.0
DEMYELINATION,3,Other,0.0
DEPENDENCE,3,Other,0.0
TORTICOLLIS,3,Other,0.0
CORNEAL OEDEMA,3,Other,0.0
DYSMORPHISM,3,Other,0.0
COLD URTICARIA,3,Skin & hair,0.0
COLD FLASH,3,Other,0.0
TALIPES,3,Other,0.0
CHRONIC INFLAMMATORY DEMYELINATING POLYRADICULONEUROPATHY,3,Nervous system,0.0
EOSINOPHILIC PNEUMONIA,3,Infections & breathing,0.0
EPIDIDYMITIS,3,Other,0.0
EROSIVE DUODENITIS,3,Other,0.0
CHOROIDAL NEOVASCULARISATION,3,Other,0.0
ESSENTIAL THROMBOCYTHAEMIA,3,Other,0.0
EUSTACHIAN TUBE DYSFUNCTION,3,Other,0.0
EXCESSIVE CERUMEN PRODUCTION,3,Other,0.0
CHOLESTEROSIS,3,Pancreas & gallbladder,0.0
EXPOSURE TO EXTREME TEMPERATURE,3,"Dosing, device & product use",0.0
EXPOSURE TO FUNGUS,3,"Dosing, device & product use",0.0
EYE INFECTION BACTERIAL,3,Infections & breathing,0.0
DYSTONIA,3,Other,0.0
CHILLBLAINS,3,Other,0.0
EYE ULCER,3,Eye,0.0
CHEMICAL BURN,3,Other,0.0
TACHYARRHYTHMIA,3,Heart & circulation,0.0
SYSTEMIC LUPUS ERYTHEMATOSUS RASH,3,Skin & hair,0.0
EYELID IRRITATION,3,Eye,0.0
SYSTEMIC INFECTION,3,Infections & breathing,0.0
CERVICAL DYSPLASIA,3,Other,0.0
CEREBROVASCULAR INSUFFICIENCY,3,Heart & circulation,0.0
FALLOPIAN TUBE DISORDER,3,"Muscle, bone & injury",0.0
CEREBRAL VENTRICLE DILATATION,3,Other,0.0
EOSINOPHIL COUNT DECREASED,3,Other,0.0
ENZYME LEVEL DECREASED,3,Other,0.0
ENTEROCOCCAL INFECTION,3,Infections & breathing,0.0
CHRONIC MYELOID LEUKAEMIA,3,Other,0.0
EAR DRYNESS,3,Other,0.0
EAR INJURY,3,"Muscle, bone & injury",0.0
EAR TUBE INSERTION,3,Other,0.0
ECHOCARDIOGRAM ABNORMAL,3,Other,0.0
ECTOPIC PREGNANCY WITH CONTRACEPTIVE DEVICE,3,"Dosing, device & product use",0.0
ECZEMA ASTEATOTIC,3,Other,0.0
EFFUSION,3,Other,0.0
TREMATODE INFECTION,3,Infections & breathing,0.0
ELECTROCARDIOGRAM ST SEGMENT ELEVATION,3,Other,0.0
ELECTROCARDIOGRAM ST-T SEGMENT ABNORMAL,3,Other,0.0
CLEAR CELL RENAL CELL CARCINOMA,3,Cancer & thyroid,0.0
CLEAR CELL PAPILLARY RENAL CELL CARCINOMA,3,Cancer & thyroid,0.0
CIRCUMORAL SWELLING,3,"General (tiredness, pain)",0.0
EMPTY SELLA SYNDROME,3,Other,0.0
ENDOCARDITIS,3,Other,0.0
CHRONIC SINUSITIS,3,Infections & breathing,0.0
ENDOMETRIAL ADENOCARCINOMA,3,Cancer & thyroid,0.0
THERAPEUTIC EMBOLISATION,3,Other,0.0
THALAMIC INFARCTION,3,Other,0.0
TRICUSPID VALVE INCOMPETENCE,3,Other,0.0
TETHERED ORAL TISSUE,3,Other,0.0
TETANY,3,Other,0.0
ENDOSCOPY UPPER GASTROINTESTINAL TRACT,3,Gastrointestinal,0.0
"SLEEP DISORDER DUE TO GENERAL MEDICAL CONDITION, HYPERSOMNIA TYPE",3,Mental health & sleep,0.0
GENITAL HERPES SIMPLEX,3,Infections & breathing,0.0
VAGINAL DISORDER,3,Other,0.0
BLOOD OESTROGEN INCREASED,3,Other,0.0
BODY TINEA,3,Other,0.0
INCREASED INSULIN REQUIREMENT,3,Other,0.0
BLOOD BICARBONATE DECREASED,3,Other,0.0
IMPAIRED INSULIN SECRETION,3,Other,0.0
BLOOD MAGNESIUM ABNORMAL,3,Other,0.0
INDURATION,3,Other,0.0
INTESTINAL TRANSIT TIME ABNORMAL,3,Gastrointestinal,0.0
INTESTINAL STENOSIS,3,Gastrointestinal,0.0
IMPULSIVE BEHAVIOUR,3,Other,0.0
INFUSION SITE PAIN,3,"General (tiredness, pain)",0.0
INTESTINAL SEPSIS,3,Gastrointestinal,0.0
INTERTRIGO,3,Other,0.0
INJECTION SITE ECZEMA,3,Injection site,0.0
BLOOD KETONE BODY PRESENT,3,Other,0.0
BLOOD IMMUNOGLOBULIN G INCREASED,3,Other,0.0
BLOODY DISCHARGE,3,Other,0.0
INFECTED BITE,3,Other,0.0
BLOOD KETONE BODY DECREASED,3,Other,0.0
BLUNTED AFFECT,3,Other,0.0
BLOOD KETONE BODY,3,Other,0.0
SKIN GRAFT,3,Skin & hair,0.0
INTESTINAL ULCER,3,Gastrointestinal,0.0
BLOOD URINE,3,Other,0.0
INGROWING NAIL,3,Other,0.0
BODY FAT DISORDER,3,Other,0.0
BLOOD SODIUM ABNORMAL,3,Other,0.0
SKULL FRACTURE,3,"Muscle, bone & injury",0.0
SKIN WEEPING,3,Skin & hair,0.0
SKIN CANDIDA,3,Skin & hair,0.0
BLOOD CORTICOTROPHIN INCREASED,3,Other,0.0
INCISION SITE COMPLICATION,3,Other,0.0
INTELLECTUAL DISABILITY,3,Other,0.0
ORTHOPNOEA,2,Other,0.0
FACIAL ASYMMETRY,2,Other,0.0
CHEMICAL BURN OF SKIN,2,Skin & hair,0.0
FAECAL DISIMPACTION,2,Other,0.0
OSTEOTOMY,2,Other,0.0
SYSTEMIC CANDIDA,2,Other,0.0
CHANGE IN SUSTAINED ATTENTION,2,Other,0.0
ANAESTHESIA,2,Other,0.0
BIOPSY CERVIX,2,Other,0.0
EYELIDS PRURITUS,2,Eye,0.0
CHALAZION,2,Other,0.0
INJECTION SITE HYPERAESTHESIA,2,Injection site,0.0
AMYLASE DECREASED,2,Pancreas & gallbladder,0.0
SHOCK SYMPTOM,2,Other,0.0
OROPHARYNGEAL SWELLING,2,"General (tiredness, pain)",0.0
EYELID CYST,2,Eye,0.0
BONE DENSITY ABNORMAL,2,Other,0.0
SYMMETRICAL DRUG-RELATED INTERTRIGINOUS AND FLEXURAL EXANTHEMA,2,Other,0.0
OROPHARYNGEAL SURGERY,2,Other,0.0
BLOOD MAGNESIUM INCREASED,2,Other,0.0
RECTAL PROLAPSE,2,Gastrointestinal,0.0
FERTILITY INCREASED,2,Other,0.0
CEREBELLAR INFARCTION,2,Other,0.0
CEREBELLAR SYNDROME,2,Other,0.0
RECTAL OBSTRUCTION,2,Gastrointestinal,0.0
SUSPECTED SUICIDE ATTEMPT,2,Mental health & sleep,0.0
SUSPICIOUSNESS,2,Other,0.0
OPTIC DISC DISORDER,2,Eye,0.0
FEMALE STERILISATION,2,Other,0.0
SUTURE RELATED COMPLICATION,2,Other,0.0
TYPE I HYPERSENSITIVITY,2,Allergy,0.0
TYPE 3 DIABETES MELLITUS,2,Other,0.0
ANAL SPHINCTER ATONY,2,Other,0.0
CEREBRAL ARTERY OCCLUSION,2,Other,0.0
SUTURE REMOVAL,2,Other,0.0
CEREBRAL HAEMATOMA,2,Other,0.0
VULVITIS,2,Other,0.0
FEAR OF FALLING,2,"Muscle, bone & injury",0.0
INJECTION SITE CALCIFICATION,2,Injection site,0.0
ORAL MUCOSAL DISCOLOURATION,2,Other,0.0
SEXUALLY TRANSMITTED DISEASE,2,Other,0.0
INJECTION SITE DYSAESTHESIA,2,Injection site,0.0
ANAL BLISTER,2,Other,0.0
EYE INFECTION FUNGAL,2,Infections & breathing,0.0
ORCHITIS,2,Other,0.0
CEREBROSPINAL FISTULA,2,Other,0.0
SYMPTOM MASKED,2,Other,0.0
TWIDDLER'S SYNDROME,2,Other,0.0
OROPHARYNGEAL CANCER,2,Cancer & thyroid,0.0
CHEST WALL OPERATION,2,Heart & circulation,0.0
OVERFLOW DIARRHOEA,2,Gastrointestinal,0.0
OVARIAN CYSTECTOMY,2,Other,0.0
TROPONIN I INCREASED,2,Other,0.0
ALLERGY TO CHEMICALS,2,Allergy,0.0
CHRONIC CHEEK BITING,2,Other,0.0
ALLERGY TO ARTHROPOD BITE,2,Allergy,0.0
CHRONIC CUTANEOUS LUPUS ERYTHEMATOSUS,2,Skin & hair,0.0
PANCREATIC OPERATION,2,Pancreas & gallbladder,0.0
PUTAMEN HAEMORRHAGE,2,Other,0.0
EPSTEIN-BARR VIRUS INFECTION,2,Infections & breathing,0.0
EPIGLOTTITIS,2,Other,0.0
TENOSYNOVITIS,2,Other,0.0
EPIGLOTTIS DYSFUNCTION,2,Other,0.0
WEIGHT BEARING DIFFICULTY,2,Weight & appetite,0.0
TENOSYNOVITIS STENOSANS,2,Other,0.0
INJECTION SITE PALLOR,2,Injection site,0.0
EPIDIDYMAL CYST,2,Other,0.0
EPHELIDES,2,Other,0.0
KALEIDOSCOPE VISION,2,Eye,0.0
BLOOD IMMUNOGLOBULIN E INCREASED,2,Other,0.0
EOSINOPHILIC GASTRITIS,2,Gastrointestinal,0.0
ALCOHOLIC HANGOVER,2,Other,0.0
EOSINOPHILIC FASCIITIS,2,Other,0.0
TERMINAL ILEITIS,2,Other,0.0
PUPILLARY REFLEX IMPAIRED,2,Other,0.0
PAPILLITIS,2,Other,0.0
ALCOHOL POISONING,2,Other,0.0
CHRONIC LEUKAEMIA,2,Other,0.0
SHUNT MALFUNCTION,2,Other,0.0
PUPILLARY DISORDER,2,Other,0.0
PUNCTURE SITE PAIN,2,"General (tiredness, pain)",0.0
TESTICULAR CYST,2,Other,0.0
SHOULDER INJURY RELATED TO VACCINE ADMINISTRATION,2,"Muscle, bone & injury",0.0
PANCREATIC HAEMORRHAGE,2,Pancreas & gallbladder,0.0
PANCREATIC FISTULA,2,Pancreas & gallbladder,0.0
AMNIOTIC FLUID VOLUME DECREASED,2,Other,0.0
RADIATION SKIN INJURY,2,"Muscle, bone & injury",0.0
OVARIAN FAILURE,2,Other,0.0
OVARIAN FIBROMA,2,Other,0.0
RADIATION INJURY,2,"Muscle, bone & injury",0.0
AMPUTEE,2,Other,0.0
OOPHORECTOMY,2,Other,0.0
OVERGROWTH BACTERIAL,2,Other,0.0
RADIATION ASSOCIATED PAIN,2,"General (tiredness, pain)",0.0
EYE COMPLICATION ASSOCIATED WITH DEVICE,2,"Dosing, device & product use",0.0
OXYGEN CONSUMPTION INCREASED,2,Other,0.0
OXYGEN SATURATION INCREASED,2,Other,0.0
CHOLECYSTOSTOMY,2,Pancreas & gallbladder,0.0
WALDENSTROM'S MACROGLOBULINAEMIA,2,Other,0.0
PAIN MANAGEMENT,2,"General (tiredness, pain)",0.0
ESCHERICHIA SEPSIS,2,Infections & breathing,0.0
EXTRADURAL ABSCESS,2,Other,0.0
PAIN THRESHOLD DECREASED,2,"General (tiredness, pain)",0.0
TARSAL TUNNEL SYNDROME,2,Other,0.0
EXPOSURE TO SARS-COV-2,2,"Dosing, device & product use",0.0
AMBLYOPIA,2,Other,0.0
EXPOSURE TO COMMUNICABLE DISEASE,2,"Dosing, device & product use",0.0
TRISOMY 18,2,Other,0.0
PANCREATIC CARCINOMA RECURRENT,2,Pancreas & gallbladder,0.0
CHOLINERGIC SYNDROME,2,Other,0.0
CHOLURIA,2,Other,0.0
EXERCISE LACK OF,2,Other,0.0
PANCREATIC DUCT STENOSIS,2,Pancreas & gallbladder,0.0
PANCREATIC ENZYMES ABNORMAL,2,Pancreas & gallbladder,0.0
RECTAL SPASM,2,Gastrointestinal,0.0
TYPICAL AURA WITHOUT HEADACHE,2,Nervous system,0.0
FIBROCYSTIC BREAST DISEASE,2,Other,0.0
INFUSION SITE EXTRAVASATION,2,Other,0.0
NEUROGENIC COUGH,2,Infections & breathing,0.0
CARDIAC THERAPEUTIC PROCEDURE,2,Heart & circulation,0.0
UNEVALUABLE THERAPY,2,Other,0.0
CARDIAC VENTRICULAR DISORDER,2,Heart & circulation,0.0
LAPAROSCOPIC SURGERY,2,Other,0.0
LANGUAGE DISORDER,2,Other,0.0
NEUROSIS,2,Other,0.0
GASTRIC RESIDUAL ASSESSMENT,2,Gastrointestinal,0.0
NEUTROPENIC SEPSIS,2,Infections & breathing,0.0
NEUTROPHIL COUNT ABNORMAL,2,Other,0.0
INFUSION SITE BRUISING,2,Other,0.0
SKIN HYPOPIGMENTATION,2,Skin & hair,0.0
RENAL CANCER RECURRENT,2,Cancer & thyroid,0.0
GASTRIC ISCHAEMIA,2,Gastrointestinal,0.0
RENAL ATROPHY,2,"Blood sugar, fluids & kidney",0.0
FIBROMUSCULAR DYSPLASIA,2,"Muscle, bone & injury",0.0
STUPOR,2,Other,0.0
CARDIOVASCULAR SYMPTOM,2,Other,0.0
GASTRIC CYST,2,Gastrointestinal,0.0
INFUSION SITE HAEMORRHAGE,2,Other,0.0
SUBACUTE PANCREATITIS,2,Pancreas & gallbladder,0.0
CAROTID ARTERY ANEURYSM,2,Other,0.0
VITREORETINAL TRACTION SYNDROME,2,Eye,0.0
VITREOUS INJURY,2,"Muscle, bone & injury",0.0
GALLBLADDER NEOPLASM,2,Pancreas & gallbladder,0.0
GALLBLADDER MASS,2,Pancreas & gallbladder,0.0
RENAL ANEURYSM,2,"Blood sugar, fluids & kidney",0.0
CAROTID ARTERY STENT INSERTION,2,Other,0.0
CAROTID ENDARTERECTOMY,2,Other,0.0
NONALCOHOLIC FATTY LIVER DISEASE,2,Liver,0.0
GASTROCARDIAC SYNDROME,2,Gastrointestinal,0.0
NEUROGENIC BLADDER,2,Other,0.0
NEUROENDOCRINE TUMOUR OF THE RECTUM,2,Cancer & thyroid,0.0
NEUROENDOCRINE TUMOUR OF THE LUNG,2,Cancer & thyroid,0.0
STOMACH SCAN ABNORMAL,2,Other,0.0
UTERINE NEOPLASM,2,Cancer & thyroid,0.0
VITAMIN B6 DECREASED,2,Other,0.0
STOOL ANALYSIS ABNORMAL,2,Other,0.0
GASTROINTESTINAL TOXICITY,2,Gastrointestinal,0.0
NEOPLASM PROGRESSION,2,Cancer & thyroid,0.0
NEOPLASM SKIN,2,Cancer & thyroid,0.0
UTERINE PAIN,2,"General (tiredness, pain)",0.0
GASTROINTESTINAL SUBMUCOSAL TUMOUR,2,Gastrointestinal,0.0
GASTROINTESTINAL PROCEDURAL COMPLICATION,2,Gastrointestinal,0.0
ANTIPSYCHOTIC DRUG LEVEL ABOVE THERAPEUTIC,2,Other,0.0
ANTIPHOSPHOLIPID SYNDROME,2,Other,0.0
GASTROINTESTINAL NEOPLASM,2,Gastrointestinal,0.0
LARGE INTESTINE BENIGN NEOPLASM,2,Gastrointestinal,0.0
NEPHROSCLEROSIS,2,"Blood sugar, fluids & kidney",0.0
INFERTILITY FEMALE,2,Other,0.0
CARDIAC OUTPUT DECREASED,2,Heart & circulation,0.0
ANTICONVULSANT DRUG LEVEL DECREASED,2,Other,0.0
INFLAMMATORY PAIN,2,"General (tiredness, pain)",0.0
ANTICOAGULATION DRUG LEVEL DECREASED,2,Other,0.0
NEURALGIC AMYOTROPHY,2,Other,0.0
CARDIAC REHABILITATION THERAPY,2,Heart & circulation,0.0
GASTROINTESTINAL CANCER METASTATIC,2,Gastrointestinal,0.0
UNHEALTHY DIET,2,Other,0.0
GASTROENTERITIS BACTERIAL,2,Gastrointestinal,0.0
BLOOD PRESSURE IMMEASURABLE,2,Heart & circulation,0.0
GASTRODUODENAL ULCER,2,Gastrointestinal,0.0
ANTICIPATORY ANXIETY,2,Mental health & sleep,0.0
LARGE FOR DATES BABY,2,Other,0.0
RELAPSING MULTIPLE SCLEROSIS,2,Other,0.0
GALLBLADDER ATROPHY,2,Pancreas & gallbladder,0.0
ANOSOGNOSIA,2,Other,0.0
ULNA FRACTURE,2,"Muscle, bone & injury",0.0
ULCERATIVE KERATITIS,2,Other,0.0
UTERINE ENLARGEMENT,2,Other,0.0
CELL DEATH,2,"Outcome words (death, hospital)",0.0
FOETAL MALFORMATION,2,Other,0.0
VOCAL CORD POLYP,2,Other,0.0
FOETAL MACROSOMIA,2,Other,0.0
CELLULITIS GANGRENOUS,2,Other,0.0
OESOPHAGEAL OPERATION,2,Gastrointestinal,0.0
FOETAL GROWTH ABNORMALITY,2,Other,0.0
SUPERINFECTION,2,Infections & breathing,0.0
FOETAL CHROMOSOME ABNORMALITY,2,Other,0.0
FOETAL CARDIAC DISORDER,2,Heart & circulation,0.0
RED BLOOD CELL SEDIMENTATION RATE ABNORMAL,2,Other,0.0
FOCAL NODULAR HYPERPLASIA,2,Other,0.0
ANENCEPHALY,2,Other,0.0
OESOPHAGITIS ULCERATIVE,2,Gastrointestinal,0.0
ANEMBRYONIC GESTATION,2,Other,0.0
OESOPHAGOGASTRODUODENOSCOPY,2,Gastrointestinal,0.0
OESOPHAGOGASTROSCOPY,2,Gastrointestinal,0.0
OESTRADIOL DECREASED,2,Other,0.0
VON WILLEBRAND'S DISEASE,2,Other,0.0
CENTRAL NERVOUS SYSTEM INFECTION,2,Infections & breathing,0.0
PUNCTURE SITE HAEMORRHAGE,2,Other,0.0
BLOOD PHOSPHORUS INCREASED,2,Other,0.0
SURGICAL FAILURE,2,Other,0.0
FLAP SURGERY,2,Other,0.0
SURGICAL PROCEDURE REPEATED,2,Other,0.0
ONCOLOGIC COMPLICATION,2,Other,0.0
ONYCHOLYSIS,2,Other,0.0
CAUDA EQUINA SYNDROME,2,Other,0.0
CATHETER SITE RELATED REACTION,2,Other,0.0
NOREPINEPHRINE INCREASED,2,Other,0.0
CATHETER SITE PAIN,2,"General (tiredness, pain)",0.0
NORMAL PRESSURE HYDROCEPHALUS,2,Other,0.0
GALLBLADDER ADHESION,2,Pancreas & gallbladder,0.0
NORMOCYTIC ANAEMIA,2,Other,0.0
GALLBLADDER ADENOCARCINOMA,2,Pancreas & gallbladder,0.0
GALLBLADDER ABSCESS,2,Pancreas & gallbladder,0.0
GALACTORRHOEA,2,Other,0.0
FUNGAL FOOT INFECTION,2,Infections & breathing,0.0
VITREOUS OPACITIES,2,Other,0.0
BLOOD PRESSURE DIASTOLIC ABNORMAL,2,Heart & circulation,0.0
VOCAL CORD DYSFUNCTION,2,Other,0.0
OCCIPITAL NEURALGIA,2,Nervous system,0.0
SEXUAL INHIBITION,2,Other,0.0
OCULAR CYST,2,Other,0.0
SUBSTANCE DEPENDENCE,2,Other,0.0
SUCROSE INTOLERANCE,2,Other,0.0
UMBILICAL DISCHARGE,2,Other,0.0
ANION GAP DECREASED,2,Other,0.0
OCULAR MELANOMA,2,Other,0.0
FOREIGN BODY IN SKIN OR SUBCUTANEOUS TISSUE,2,Skin & hair,0.0
FOREIGN BODY IN EYE,2,Eye,0.0
OCULAR ROSACEA,2,Other,0.0
ANION GAP ABNORMAL,2,Other,0.0
SUDDEN ONSET OF SLEEP,2,Mental health & sleep,0.0
REDUCED FACIAL EXPRESSION,2,Other,0.0
ANGULAR CHEILITIS,2,Other,0.0
OEDEMA MUCOSAL,2,Other,0.0
ANGIOSARCOMA,2,Other,0.0
FOOD REFUSAL,2,Other,0.0
ULNAR NERVE INJURY,2,"Muscle, bone & injury",0.0
PARAINFLUENZAE VIRUS INFECTION,2,Infections & breathing,0.0
JOINT SURGERY,2,"Muscle, bone & injury",0.0
ALBUMIN URINE PRESENT,2,Other,0.0
PROLONGED PREGNANCY,2,Other,0.0
POST PROCEDURAL BILE LEAK,2,Other,0.0
ACUTE LYMPHOCYTIC LEUKAEMIA,2,Other,0.0
CONJOINED TWINS,2,Other,0.0
DIABETIC HYPERGLYCAEMIC COMA,2,Other,0.0
POST PROCEDURAL DISCOMFORT,2,"General (tiredness, pain)",0.0
POST PROCEDURAL ERYTHEMA,2,Skin & hair,0.0
DIABETIC FOOT INFECTION,2,Infections & breathing,0.0
POST PROCEDURAL HAEMATOMA,2,Other,0.0
CONJUNCTIVAL HYPERAEMIA,2,Other,0.0
CONJUNCTIVITIS ALLERGIC,2,Allergy,0.0
DIABETIC BULLOSIS,2,Other,0.0
DIABETIC BLINDNESS,2,Eye,0.0
POST PROCEDURAL STROKE,2,Heart & circulation,0.0
INTERVERTEBRAL DISC SPACE NARROWING,2,Other,0.0
DEVICE SAFETY FEATURE ISSUE,2,"Dosing, device & product use",0.0
INTERVERTEBRAL DISCITIS,2,Other,0.0
BLOOD ALCOHOL INCREASED,2,Other,0.0
ACOUSTIC NEUROMA,2,Other,0.0
PRODUCT SUBSTITUTION ERROR,2,"Dosing, device & product use",0.0
SKELETAL INJURY,2,"Muscle, bone & injury",0.0
DEVICE INFORMATION OUTPUT ISSUE,2,"Dosing, device & product use",0.0
CORNEAL ABRASION,2,Other,0.0
PRODUCT STRENGTH CONFUSION,2,"Dosing, device & product use",0.0
CORNEAL CYST,2,Other,0.0
DEVICE CONNECTION ISSUE,2,"Dosing, device & product use",0.0
DEVICE COLOUR ISSUE,2,"Dosing, device & product use",0.0
DEVELOPMENTAL HIP DYSPLASIA,2,Mental health & sleep,0.0
ACETONAEMIA,2,Other,0.0
THYROIDITIS SUBACUTE,2,Cancer & thyroid,0.0
POST CONCUSSION SYNDROME,2,Other,0.0
PORCELAIN GALLBLADDER,2,Pancreas & gallbladder,0.0
THYROXINE FREE INCREASED,2,Other,0.0
CONGENITAL MUSCULOSKELETAL DISORDER OF SPINE,2,"Muscle, bone & injury",0.0
CONGENITAL CARDIOVASCULAR ANOMALY,2,Other,0.0
CONGENITAL DIAPHRAGMATIC HERNIA,2,Other,0.0
THYROGLOSSAL CYST,2,Other,0.0
PNEUMONIA INFLUENZAL,2,Infections & breathing,0.0
THYROID ADENOMA,2,Cancer & thyroid,0.0
PNEUMONIA LEGIONELLA,2,Infections & breathing,0.0
PROSTATIC SPECIFIC ANTIGEN DECREASED,2,Other,0.0
PNEUMONIA PNEUMOCOCCAL,2,Infections & breathing,0.0
TRANCE,2,Other,0.0
DIFFUSE LARGE B-CELL LYMPHOMA,2,Cancer & thyroid,0.0
DIFFUSE IDIOPATHIC SKELETAL HYPEROSTOSIS,2,Other,0.0
DIFFERENTIAL WHITE BLOOD CELL COUNT ABNORMAL,2,Other,0.0
POLIOMYELITIS,2,Other,0.0
ACUTE STRESS DISORDER,2,Mental health & sleep,0.0
TRACTIONAL RETINAL DETACHMENT,2,Eye,0.0
POLYCHONDRITIS,2,Other,0.0
BLADDER INJURY,2,"Muscle, bone & injury",0.0
POLYCYTHAEMIA VERA,2,Other,0.0
IRREGULAR SLEEP PHASE,2,Mental health & sleep,0.0
POLYMERS ALLERGY,2,Allergy,0.0
DIAPHRAGMATIC HERNIA,2,Other,0.0
POLYMYOSITIS,2,Other,0.0
WOUND INFECTION STAPHYLOCOCCAL,2,Infections & breathing,0.0
INTERVENTIONAL PROCEDURE,2,Other,0.0
DIAGNOSTIC PROCEDURE,2,Other,0.0
POLYSEROSITIS,2,Other,0.0
POOR DENTAL CONDITION,2,Other,0.0
POOR QUALITY DEVICE USED,2,"Dosing, device & product use",0.0
ACUTE MOTOR-SENSORY AXONAL NEUROPATHY,2,Nervous system,0.0
WRONG TECHNIQUE IN PRODUCT USAGE PROCESS PERFORMED IN ERROR,2,"Dosing, device & product use",0.0
INVASIVE LOBULAR BREAST CARCINOMA,2,Cancer & thyroid,0.0
PROSTHESIS IMPLANTATION,2,Other,0.0
DEATH NEONATAL,2,"Outcome words (death, hospital)",0.0
DACRYOSTENOSIS ACQUIRED,2,Other,0.0
CRANIOPHARYNGIOMA,2,Other,0.0
CYSTITIS NONINFECTIVE,2,Other,0.0
INTESTINAL STRANGULATION,2,Gastrointestinal,0.0
XEROSIS,2,Other,0.0
PRODUCT MONITORING ERROR,2,"Dosing, device & product use",0.0
TONGUE EXFOLIATION,2,Other,0.0
PRODUCT COATING ISSUE,2,"Dosing, device & product use",0.0
TONGUE HAEMORRHAGE,2,Other,0.0
CYST RUPTURE,2,Other,0.0
ABDOMINAL WALL HAEMATOMA,2,Gastrointestinal,0.0
ABDOMINAL WALL DISORDER,2,Gastrointestinal,0.0
PRODUCT CONTAINER SEAL ISSUE,2,"Dosing, device & product use",0.0
TONGUE MOVEMENT DISTURBANCE,2,Other,0.0
CUTIS LAXA,2,Other,0.0
VARICOSE VEIN OPERATION,2,Other,0.0
INTRACRANIAL MASS,2,Other,0.0
PRODUCT DELIVERY MECHANISM ISSUE,2,"Dosing, device & product use",0.0
PRODUCT LOT NUMBER ISSUE,2,"Dosing, device & product use",0.0
ABDOMINAL PANNICULECTOMY,2,Gastrointestinal,0.0
CULTURE STOOL NEGATIVE,2,Other,0.0
CULTURE POSITIVE,2,Other,0.0
ABDOMINAL LYMPHADENOPATHY,2,Gastrointestinal,0.0
SINUS RHYTHM,2,Other,0.0
PRODUCT EXPIRATION DATE ISSUE,2,"Dosing, device & product use",0.0
INTRA-OCULAR INJECTION,2,Other,0.0
ABDOMINAL HERNIA OBSTRUCTIVE,2,Gastrointestinal,0.0
PRODUCT INEFFECTIVE FOR UNAPPROVED USE,2,"Dosing, device & product use",0.0
CROSS SENSITIVITY REACTION,2,Other,0.0
DANDRUFF,2,Other,0.0
DEBRIDEMENT,2,Other,0.0
ACCIDENTAL EXPOSURE TO PRODUCT PACKAGING,2,"Dosing, device & product use",0.0
TOLOSA-HUNT SYNDROME,2,Other,0.0
TOXIC EPIDERMAL NECROLYSIS,2,Other,0.0
PREGNANCY OF UNKNOWN LOCATION,2,Other,0.0
INTESTINAL GANGRENE,2,Gastrointestinal,0.0
DERMAL ABSORPTION IMPAIRED,2,Other,0.0
PREGNANCY TEST FALSE POSITIVE,2,Other,0.0
PREGNANCY WITH ADVANCED MATERNAL AGE,2,Other,0.0
INTESTINAL MALROTATION,2,Gastrointestinal,0.0
PREGNANCY WITH IMPLANT CONTRACEPTIVE,2,Other,0.0
SITTING DISABILITY,2,Other,0.0
ACCIDENT AT HOME,2,Other,0.0
DEPENDENCE ON OXYGEN THERAPY,2,Other,0.0
PREMATURE EJACULATION,2,Other,0.0
PRODUCT REGIMEN CONFUSION,2,"Dosing, device & product use",0.0
PREMATURE SEPARATION OF PLACENTA,2,Other,0.0
ACARODERMATITIS,2,Other,0.0
ABULIA,2,Other,0.0
TINEA PEDIS,2,Other,0.0
TORSADE DE POINTES,2,Other,0.0
DENTAL CARE,2,Other,0.0
PRESSURE OF SPEECH,2,Other,0.0
DEMENTIA WITH LEWY BODIES,2,Other,0.0
BLISTER RUPTURE,2,Other,0.0
DELUSIONAL PERCEPTION,2,Other,0.0
PRODUCT PREPARATION ISSUE,2,"Dosing, device & product use",0.0
ABSCESS JAW,2,Other,0.0
INTRAPULMONARY LYMPHADENOPATHY,2,Other,0.0
ABSCESS DRAINAGE,2,Other,0.0
DEHYDROEPIANDROSTERONE DECREASED,2,Other,0.0
PROCEDURAL DIZZINESS,2,Nervous system,0.0
DISCONTINUED PRODUCT ADMINISTERED,2,"Dosing, device & product use",0.0
PNEUMATOSIS,2,Other,0.0
INJECTION SITE PLAQUE,2,Injection site,0.0
PENILE RASH,2,Skin & hair,0.0
EMBOLISM VENOUS,2,Heart & circulation,0.0
JOINT INSTABILITY,2,"Muscle, bone & injury",0.0
ELECTROCARDIOGRAM T WAVE INVERSION,2,Other,0.0
BLOOD CULTURE POSITIVE,2,Other,0.0
INSULIN C-PEPTIDE DECREASED,2,Other,0.0
PERFORMANCE STATUS DECREASED,2,Other,0.0
INSULIN C-PEPTIDE INCREASED,2,Other,0.0
CLEFT LIP,2,Other,0.0
CLONIC CONVULSION,2,Other,0.0
ADVERSE FOOD REACTION,2,Other,0.0
PERINATAL DEPRESSION,2,Mental health & sleep,0.0
EJACULATION DELAYED,2,Other,0.0
THERMAL BURNS OF EYE,2,Eye,0.0
JOINT CONTRACTURE,2,"Muscle, bone & injury",0.0
PERINEAL SWELLING,2,"General (tiredness, pain)",0.0
PERIODONTAL DISEASE,2,Other,0.0
SKIN DISCHARGE,2,Skin & hair,0.0
PULMONARY ARTERIAL PRESSURE INCREASED,2,Other,0.0
INSULIN-REQUIRING TYPE 2 DIABETES MELLITUS,2,Other,0.0
PERIORBITAL HAEMORRHAGE,2,Other,0.0
ECTOPIC ATRIAL RHYTHM,2,Heart & circulation,0.0
PUDENDAL CANAL SYNDROME,2,Other,0.0
WHITE BLOOD CELL DISORDER,2,Other,0.0
JC VIRUS INFECTION,2,Infections & breathing,0.0
ECHOCARDIOGRAM,2,Other,0.0
COAGULATION TIME SHORTENED,2,Other,0.0
THORACIC INSUFFICIENCY SYNDROME,2,Other,0.0
THORACIC OUTLET SYNDROME,2,Other,0.0
JAW OPERATION,2,Other,0.0
PULMONARY HYPOPLASIA,2,Other,0.0
PULMONARY MICROEMBOLI,2,Other,0.0
PERIPHERAL NERVE INJURY,2,"Muscle, bone & injury",0.0
AGRANULOCYTOSIS,2,Other,0.0
TESTICULAR PAIN,2,"General (tiredness, pain)",0.0
ENTEROCELE,2,Other,0.0
TESTIS CANCER,2,Cancer & thyroid,0.0
ENDOVENOUS ABLATION,2,Other,0.0
ENDOTRACHEAL INTUBATION COMPLICATION,2,Other,0.0
PARATHYROIDECTOMY,2,Cancer & thyroid,0.0
BLOOD GROWTH HORMONE INCREASED,2,Other,0.0
AORTIC DILATATION,2,Other,0.0
BLOOD GLUCAGON INCREASED,2,Other,0.0
JOINT SPACE NARROWING,2,"Muscle, bone & injury",0.0
THALAMIC STROKE,2,Heart & circulation,0.0
PATHOLOGIC MYOPIA,2,Other,0.0
PATHOLOGICAL FRACTURE,2,"Muscle, bone & injury",0.0
ENDOMETRIAL CANCER STAGE III,2,Cancer & thyroid,0.0
PCO2 DECREASED,2,Other,0.0
PULMONARY SEPSIS,2,Infections & breathing,0.0
PELVIC ABSCESS,2,Other,0.0
PELVIC BONE INJURY,2,"Muscle, bone & injury",0.0
PULMONARY RESECTION,2,Other,0.0
CHRONIC MYELOMONOCYTIC LEUKAEMIA,2,Other,0.0
BLOOD FIBRINOGEN INCREASED,2,Other,0.0
PELVIC INFLAMMATORY DISEASE,2,Other,0.0
JOINT MANIPULATION,2,"Muscle, bone & injury",0.0
PELVIC OPERATION,2,Other,0.0
PELVIC ORGAN PROLAPSE,2,Other,0.0
ENCEPHALOCELE,2,Other,0.0
ENCEPHALITIS VIRAL,2,Other,0.0
BLOOD ELASTASE DECREASED,2,Other,0.0
PENILE DERMATITIS,2,Other,0.0
EAR INFLAMMATION,2,"General (tiredness, pain)",0.0
PSYCHOMOTOR SKILLS IMPAIRED,2,Other,0.0
VAGINAL PROLAPSE,2,Other,0.0
BLOOD CHLORIDE ABNORMAL,2,Other,0.0
TRANSIENT LINGUAL PAPILLITIS,2,Other,0.0
COMPLEMENT FACTOR C3 DECREASED,2,Other,0.0
DRUG EXPOSURE BEFORE PREGNANCY,2,"Dosing, device & product use",0.0
PICA,2,Other,0.0
DRUG EFFECT FASTER THAN EXPECTED,2,Other,0.0
WOUND ABSCESS,2,Other,0.0
COMPLICATED DIVERTICULITIS,2,Gastrointestinal,0.0
PRURIGO,2,Other,0.0
PIRIFORMIS SYNDROME,2,Other,0.0
COMPULSIONS,2,Other,0.0
DRUG CLEARANCE DECREASED,2,Other,0.0
THROMBOSIS MESENTERIC VESSEL,2,Heart & circulation,0.0
WOUND DEHISCENCE,2,Other,0.0
DRAINAGE,2,Other,0.0
BLOOD CALCIUM ABNORMAL,2,Other,0.0
DORSAL ROOT GANGLIONOPATHY,2,Other,0.0
DIZZINESS EXERTIONAL,2,Nervous system,0.0
COMPUTERISED TOMOGRAM ABNORMAL,2,Other,0.0
PLASMA CELL MASTITIS,2,Other,0.0
ADJUSTMENT DISORDER,2,Other,0.0
PROTEIN TOTAL ABNORMAL,2,Other,0.0
DISTURBANCE IN SOCIAL BEHAVIOUR,2,Other,0.0
CONDUCTION DISORDER,2,Other,0.0
ADENOVIRUS INFECTION,2,Infections & breathing,0.0
DISTAL INTESTINAL OBSTRUCTION SYNDROME,2,Gastrointestinal,0.0
DISSOCIATIVE AMNESIA,2,Nervous system,0.0
CONFUSIONAL AROUSAL,2,Nervous system,0.0
PLEURAL THICKENING,2,Other,0.0
THYMOMA,2,Other,0.0
DRUG LEVEL BELOW THERAPEUTIC,2,Other,0.0
DRUG METABOLITE LEVEL HIGH,2,Other,0.0
PSYCHOLOGICAL TRAUMA,2,Other,0.0
DRUG MONITORING PROCEDURE INCORRECTLY PERFORMED,2,"Dosing, device & product use",0.0
COELIAC ARTERY COMPRESSION SYNDROME,2,Other,0.0
COELIAC ARTERY OCCLUSION,2,Other,0.0
JAW CYST,2,Other,0.0
PERIPHERAL VEIN THROMBOSIS,2,Heart & circulation,0.0
DYSPLASTIC NAEVUS,2,Other,0.0
DYSPLASIA,2,Other,0.0
DYSPAREUNIA,2,Other,0.0
BLOOD CHROMOGRANIN A INCREASED,2,Other,0.0
DYSLALIA,2,Other,0.0
SILENT MYOCARDIAL INFARCTION,2,Heart & circulation,0.0
DYSCALCULIA,2,Other,0.0
PERSONAL RELATIONSHIP ISSUE,2,Other,0.0
DYSANIA,2,Other,0.0
THROAT LESION,2,Infections & breathing,0.0
DUODENAL ULCER HAEMORRHAGE,2,Other,0.0
DUODENAL STENOSIS,2,Other,0.0
PHANTOM LIMB SYNDROME,2,Other,0.0
TRAUMATIC FRACTURE,2,"Muscle, bone & injury",0.0
PSEUDOLYMPHOMA,2,Cancer & thyroid,0.0
BLOOD CHOLESTEROL,2,Pancreas & gallbladder,0.0
INTERCEPTED PRODUCT ADMINISTRATION ERROR,2,"Dosing, device & product use",0.0
DRUG WITHDRAWAL HEADACHE,2,Nervous system,0.0
DRUG TOLERANCE DECREASED,2,Other,0.0
PHARYNGEAL OPERATION,2,Other,0.0
COLOUR BLINDNESS ACQUIRED,2,Eye,0.0
PHARYNGEAL ULCERATION,2,Other,0.0
PSEUDOHYPOGLYCAEMIA,2,"Blood sugar, fluids & kidney",0.0
ADNEXA UTERI MASS,2,Other,0.0
DRUG SPECIFIC ANTIBODY,2,Other,0.0
NEONATAL DYSPNOEA,2,Infections & breathing,0.0
GASTRODUODENAL ARTERY ANEURYSM,2,Gastrointestinal,0.0
MESENTERIC ARTERY STENOSIS,2,Other,0.0
LYMPHOCYTOSIS,2,Other,0.0
SPLENIC ARTERY ANEURYSM,2,Other,0.0
ASTHMATIC CRISIS,2,Infections & breathing,0.0
SOLAR LENTIGO,2,Other,0.0
AST/ALT RATIO INCREASED,2,Other,0.0
SPLENIC ARTERY THROMBOSIS,2,Heart & circulation,0.0
SPLENIC CYST,2,Other,0.0
INCISION SITE PRURITUS,2,Skin & hair,0.0
RETINOSCHISIS,2,Eye,0.0
SPLENIC HAEMORRHAGE,2,Other,0.0
MINERAL DEFICIENCY,2,Other,0.0
LYMPHOCYTE PERCENTAGE DECREASED,2,Other,0.0
CALCULUS URINARY,2,Other,0.0
MINERAL SUPPLEMENTATION,2,Other,0.0
HANGING,2,Other,0.0
HAND-EYE COORDINATION IMPAIRED,2,Eye,0.0
MITRAL VALVE DISEASE,2,Other,0.0
LIGAMENT OPERATION,2,Other,0.0
HYPERTENSIVE EMERGENCY,2,Other,0.0
HYPERTENSIVE HEART DISEASE,2,Heart & circulation,0.0
HAND DEFORMITY,2,Other,0.0
SCLERODERMA,2,Other,0.0
"HALLUCINATION, OLFACTORY",2,Other,0.0
VENTRICULAR ASSIST DEVICE INSERTION,2,"Dosing, device & product use",0.0
BLOOD ZINC DECREASED,2,Other,0.0
LENS DISORDER,2,Eye,0.0
HEART FAILURE WITH REDUCED EJECTION FRACTION,2,Heart & circulation,0.0
INCISION SITE HAEMORRHAGE,2,Other,0.0
METASTATIC LYMPHOMA,2,Cancer & thyroid,0.0
HYPERPLASIA ADRENAL,2,"Blood sugar, fluids & kidney",0.0
HYPERPROTEINAEMIA,2,Other,0.0
HYPERPYREXIA,2,"General (tiredness, pain)",0.0
MACULE,2,Other,0.0
SCAR PAIN,2,"General (tiredness, pain)",0.0
HYPERSENSITIVITY PNEUMONITIS,2,Allergy,0.0
METASTATIC RENAL CELL CARCINOMA,2,Cancer & thyroid,0.0
SCHIZOAFFECTIVE DISORDER BIPOLAR TYPE,2,Other,0.0
VENTRICULAR DYSFUNCTION,2,Other,0.0
BACTERIAL COLITIS,2,Gastrointestinal,0.0
SERONEGATIVE ARTHRITIS,2,"Muscle, bone & injury",0.0
METHYLENETETRAHYDROFOLATE REDUCTASE GENE MUTATION,2,Other,0.0
HYPERSENSITIVITY VASCULITIS,2,Allergy,0.0
MACULAR DETACHMENT,2,Eye,0.0
BACTERIAL PYELONEPHRITIS,2,Other,0.0
C-REACTIVE PROTEIN ABNORMAL,2,Other,0.0
MICROSCOPIC POLYANGIITIS,2,Other,0.0
BACTERIAL SEPSIS,2,Infections & breathing,0.0
BREAST CALCIFICATIONS,2,Other,0.0
CALCIUM DEFICIENCY,2,Other,0.0
SPLENIC LESION,2,Other,0.0
LUNG CARCINOMA CELL TYPE UNSPECIFIED RECURRENT,2,Cancer & thyroid,0.0
ARTERITIS,2,Other,0.0
SPONDYLOARTHROPATHY,2,"Muscle, bone & injury",0.0
ARTERY DISSECTION,2,Other,0.0
BALANOPOSTHITIS,2,Other,0.0
IMPULSE-CONTROL DISORDER,2,Other,0.0
MUCINOUS BREAST CARCINOMA,2,Cancer & thyroid,0.0
LUNG INFILTRATION,2,Other,0.0
RETINAL MIGRAINE,2,Eye,0.0
MUCOCUTANEOUS RASH,2,Skin & hair,0.0
HAEMOFILTRATION,2,Other,0.0
HAEMATOSPERMIA,2,Other,0.0
HYPOAESTHESIA EYE,2,Eye,0.0
SOFT TISSUE INJURY,2,"Muscle, bone & injury",0.0
HAEMATOLOGICAL NEOPLASM,2,Cancer & thyroid,0.0
LEFT VENTRICLE OUTFLOW TRACT OBSTRUCTION,2,Other,0.0
MULTIPLE ENDOCRINE NEOPLASIA,2,Other,0.0
BODY MASS INDEX ABNORMAL,2,Other,0.0
CAPILLARITIS,2,Other,0.0
RETINAL DRUSEN,2,Eye,0.0
ARTERIOVENOUS FISTULA,2,Other,0.0
URETHRAL OPERATION,2,Other,0.0
HAEMARTHROSIS,2,Other,0.0
LUNG CARCINOMA CELL TYPE UNSPECIFIED STAGE I,2,Cancer & thyroid,0.0
CANCER SCREENING ABNORMAL,2,Cancer & thyroid,0.0
LUNG TRANSPLANT,2,Other,0.0
HAEMOPERITONEUM,2,Other,0.0
MOUTH CYST,2,Other,0.0
HYPERTROPHY,2,Other,0.0
CAMPYLOBACTER GASTROENTERITIS,2,Gastrointestinal,0.0
HAEMORRHAGIC NECROTIC PANCREATITIS,2,Pancreas & gallbladder,0.0
BLOOD VISCOSITY DECREASED,2,Other,0.0
HAEMORRHAGIC CYST,2,Other,0.0
RETINAL SCAR,2,Eye,0.0
MONONEUROPATHY,2,Nervous system,0.0
HAEMORRHAGE IN PREGNANCY,2,Other,0.0
URGE INCONTINENCE,2,Other,0.0
ARTIFICIAL MENOPAUSE,2,Other,0.0
VIRAL LOAD INCREASED,2,Other,0.0
HYPERVITAMINOSIS,2,Other,0.0
URETHRITIS NONINFECTIVE,2,Other,0.0
RETINAL OPERATION,2,Eye,0.0
SCROTAL ABSCESS,2,Other,0.0
MORTON'S NEURALGIA,2,Nervous system,0.0
VIRAL MYOCARDITIS,2,Other,0.0
VASCULITIS GASTROINTESTINAL,2,Gastrointestinal,0.0
SPLINTER,2,Other,0.0
MOTOR NEURONE DISEASE,2,Other,0.0
LUNG TRANSPLANT REJECTION,2,Other,0.0
BURNING SENSATION MUCOSAL,2,Nervous system,0.0
METASTASES TO SPINE,2,Other,0.0
VASCULAR STENT STENOSIS,2,Other,0.0
HYPERADRENOCORTICISM,2,Other,0.0
SPINAL CORD OPERATION,2,Other,0.0
MENINGIOMA BENIGN,2,Other,0.0
BREAST DISCOMFORT,2,"General (tiredness, pain)",0.0
RIGHT VENTRICULAR FAILURE,2,Other,0.0
BRIEF RESOLVED UNEXPLAINED EVENT,2,Other,0.0
HYPERADRENALISM,2,"Blood sugar, fluids & kidney",0.0
MENINGITIS ASEPTIC,2,Other,0.0
RIGHT VENTRICULAR DYSFUNCTION,2,Other,0.0
MENINGITIS VIRAL,2,Other,0.0
MASS EXCISION,2,Other,0.0
URINARY TRACT INFLAMMATION,2,"General (tiredness, pain)",0.0
SOMNIPHOBIA,2,Other,0.0
HYPERALDOSTERONISM,2,Other,0.0
SPINAL DEFORMITY,2,Other,0.0
AUDITORY NERVE DISORDER,2,Other,0.0
SALIVARY GLAND PAIN,2,"General (tiredness, pain)",0.0
MENSTRUAL DISCOMFORT,2,"General (tiredness, pain)",0.0
URINARY TRACT INFECTION FUNGAL,2,Infections & breathing,0.0
VERTEBROBASILAR ARTERY DISSECTION,2,Other,0.0
HYPERCAPNIA,2,Other,0.0
MENSTRUATION NORMAL,2,Other,0.0
MENTAL DISABILITY,2,Mental health & sleep,0.0
AUTOIMMUNE EYE DISORDER,2,Eye,0.0
MELANOMA RECURRENT,2,Other,0.0
HERPES ZOSTER OTICUS,2,Infections & breathing,0.0
MEIBOMIAN GLAND DYSFUNCTION,2,Other,0.0
INCARCERATED INCISIONAL HERNIA,2,Other,0.0
MEAN CELL HAEMOGLOBIN INCREASED,2,Other,0.0
SPINAL CORD HERNIATION,2,Other,0.0
HISTAMINE INTOLERANCE,2,Other,0.0
MEAN PLATELET VOLUME DECREASED,2,Other,0.0
SALIVARY GLAND CALCULUS,2,Other,0.0
SALIVARY GLAND CANCER,2,Cancer & thyroid,0.0
MECHANICAL VENTILATION,2,Other,0.0
MATERNAL EXPOSURE VIA PARTNER DURING PREGNANCY,2,"Dosing, device & product use",0.0
HORMONE RECEPTOR POSITIVE BREAST CANCER,2,Cancer & thyroid,0.0
HIP DEFORMITY,2,Other,0.0
AUTOINFLAMMATORY DISEASE,2,Other,0.0
ROOT CANAL INFECTION,2,Infections & breathing,0.0
VENTRICULO-PERITONEAL SHUNT,2,Other,0.0
HORMONE REPLACEMENT THERAPY,2,Other,0.0
URINARY TRACT PAIN,2,"General (tiredness, pain)",0.0
HOSTILITY,2,Other,0.0
MEDICAL INDUCTION OF COMA,2,Other,0.0
MASTITIS,2,Other,0.0
SPINAL CORD INJURY LUMBAR,2,"Muscle, bone & injury",0.0
SPINAL CLAUDICATION,2,Other,0.0
AUTOPHOBIA,2,Other,0.0
MENTAL DISORDER DUE TO A GENERAL MEDICAL CONDITION,2,Mental health & sleep,0.0
ATROPHIC GLOSSITIS,2,Other,0.0
INADEQUATE DIET,2,Other,0.0
MALIGNANT NEOPLASM OF AMPULLA OF VATER,2,Cancer & thyroid,0.0
BRONCHOSCOPY,2,Infections & breathing,0.0
HEPATIC NEUROENDOCRINE TUMOUR,2,Liver,0.0
HEPATIC INFARCTION,2,Liver,0.0
URINARY TRACT CANDIDIASIS,2,Other,0.0
METABOLIC FUNCTION TEST ABNORMAL,2,Other,0.0
SCABIES,2,Other,0.0
BILE OUTPUT INCREASED,2,Other,0.0
HEPATIC CANCER STAGE IV,2,Liver,0.0
METASTASES TO ADRENALS,2,"Blood sugar, fluids & kidney",0.0
BURN OF INTERNAL ORGANS,2,Other,0.0
BURN ORAL CAVITY,2,Other,0.0
SCAPULA FRACTURE,2,"Muscle, bone & injury",0.0
SPECIALIST CONSULTATION,2,Other,0.0
REVERSIBLE CEREBRAL VASOCONSTRICTION SYNDROME,2,Other,0.0
REVASCULARISATION PROCEDURE,2,Other,0.0
HYPERMOBILITY SYNDROME,2,"Muscle, bone & injury",0.0
BREAST CANCER MALE,2,Cancer & thyroid,0.0
HYPERPHOSPHATAEMIA,2,Other,0.0
METASTASES TO PANCREAS,2,Pancreas & gallbladder,0.0
BREAST CANCER IN SITU,2,Cancer & thyroid,0.0
HEPATIC VASCULAR THROMBOSIS,2,Liver,0.0
INAPPROPRIATE AFFECT,2,Other,0.0
MANUFACTURING LABORATORY ANALYTICAL TESTING ISSUE,2,Other,0.0
HEPATITIS A,2,Liver,0.0
HER2 POSITIVE BREAST CANCER,2,Cancer & thyroid,0.0
MANUFACTURING ISSUE,2,Other,0.0
URINARY TRACT INFECTION ENTEROCOCCAL,2,Infections & breathing,0.0
URINE ALCOHOL TEST POSITIVE,2,Other,0.0
HYPERCHROMIC ANAEMIA,2,Other,0.0
HYPERCOAGULATION,2,Other,0.0
BRONCHIOLITIS,2,Infections & breathing,0.0
MERYCISM,2,Other,0.0
MANIC SYMPTOM,2,Other,0.0
URINARY TRACT INFECTION BACTERIAL,2,Infections & breathing,0.0
HYPEREMESIS GRAVIDARUM,2,Other,0.0
HYPEREOSINOPHILIC SYNDROME,2,Other,0.0
HYPERGAMMAGLOBULINAEMIA,2,Other,0.0
SPINAL INSTABILITY,2,Other,0.0
BILE DUCT STENT INSERTION,2,Other,0.0
VENTRICULAR TACHYARRHYTHMIA,2,Heart & circulation,0.0
SENSORY PROCESSING SENSITIVITY,2,Other,0.0
MALIGNANT POLYP,2,Cancer & thyroid,0.0
HYPERGLYCAEMIC CRISIS,2,Other,0.0
LEUKAEMOID REACTION,2,Other,0.0
MESENTERIC VENOUS OCCLUSION,2,Other,0.0
LUNG CARCINOMA CELL TYPE UNSPECIFIED STAGE 0,2,Cancer & thyroid,0.0
SACROILIITIS,2,Other,0.0
RESPIRATORY ACIDOSIS,2,Infections & breathing,0.0
GENITAL PARAESTHESIA,2,Nervous system,0.0
BENIGN NEUROENDOCRINE TUMOUR OF APPENDIX,2,Cancer & thyroid,0.0
RETINAL ARTERY EMBOLISM,2,Heart & circulation,0.0
BENIGN NEOPLASM OF ADRENAL GLAND,2,Cancer & thyroid,0.0
NASAL ULCER,2,Other,0.0
AORTIC VALVE STENOSIS,2,Other,0.0
BENIGN HYDATIDIFORM MOLE,2,Other,0.0
CARBON DIOXIDE ABNORMAL,2,Other,0.0
MYOGLOBIN BLOOD INCREASED,2,Other,0.0
MYOFASCIAL PAIN SYNDROME,2,"General (tiredness, pain)",0.0
APPLICATION SITE BRUISE,2,Other,0.0
NASAL CRUSTING,2,Other,0.0
MYASTHENIA GRAVIS CRISIS,2,"General (tiredness, pain)",0.0
VENOUS ANGIOMA OF BRAIN,2,Other,0.0
RESPIRATORY DEPRESSION,2,Infections & breathing,0.0
LIPOHYPERTROPHY,2,Other,0.0
MYOGLOBINURIA,2,Other,0.0
GLAUCOMA DRAINAGE DEVICE PLACEMENT,2,"Dosing, device & product use",0.0
ILLITERACY,2,Other,0.0
GOUTY TOPHUS,2,Other,0.0
BENIGN OVARIAN TUMOUR,2,Cancer & thyroid,0.0
RENAL VASCULITIS,2,"Blood sugar, fluids & kidney",0.0
LATENT AUTOIMMUNE DIABETES IN ADULTS,2,Other,0.0
HYPOPARATHYROIDISM,2,Cancer & thyroid,0.0
CARBOHYDRATE INTOLERANCE,2,Other,0.0
GLIOMA,2,Other,0.0
BONE LESION EXCISION,2,Other,0.0
MUSCULOSKELETAL INJURY,2,"Muscle, bone & injury",0.0
ILLICIT PRESCRIPTION ATTAINMENT,2,"Dosing, device & product use",0.0
APALLIC SYNDROME,2,Other,0.0
HYPOPERFUSION,2,Other,0.0
MYOMECTOMY,2,Other,0.0
VENOUS INJURY,2,"Muscle, bone & injury",0.0
BONE MARROW DISORDER,2,Other,0.0
SEDATION COMPLICATION,2,Other,0.0
GLUCOSE URINE,2,"Blood sugar, fluids & kidney",0.0
RESTLESS ARM SYNDROME,2,Other,0.0
CARCINOID TUMOUR,2,Cancer & thyroid,0.0
LIPOSUCTION,2,Other,0.0
INDIFFERENCE,2,Other,0.0
MYELOSUPPRESSION,2,Other,0.0
HYPOTENSIVE CRISIS,2,Other,0.0
BONE MARROW OEDEMA,2,Other,0.0
INFECTED CYST,2,Other,0.0
STARGARDT'S DISEASE,2,Other,0.0
IMPERCEPTION,2,Other,0.0
GENITAL ODOUR,2,Other,0.0
STEATOHEPATITIS,2,Liver,0.0
RESTENOSIS,2,Other,0.0
IDIOSYNCRATIC DRUG REACTION,2,Other,0.0
GENITAL PAIN,2,"General (tiredness, pain)",0.0
INFECTED NEOPLASM,2,Cancer & thyroid,0.0
LIMB RECONSTRUCTIVE SURGERY,2,Other,0.0
ILEOSTOMY,2,Other,0.0
GENITAL HYPOAESTHESIA,2,Nervous system,0.0
GLOBULINS INCREASED,2,Other,0.0
RESUSCITATION,2,Other,0.0
NASAL OEDEMA,2,Other,0.0
LARYNGEAL INJURY,2,"Muscle, bone & injury",0.0
GENITAL DYSAESTHESIA,2,Other,0.0
MYOCARDIAL RUPTURE,2,Heart & circulation,0.0
BILIARY CATHETER INSERTION,2,Pancreas & gallbladder,0.0
REST REGIMEN,2,Other,0.0
GENITAL CYST,2,Other,0.0
URETERIC STENOSIS,2,Other,0.0
GENITAL BURNING SENSATION,2,Nervous system,0.0
RETAINED PLACENTA OR MEMBRANES,2,Other,0.0
LORDOSIS,2,Other,0.0
NASOPHARYNGEAL TUMOUR,2,Cancer & thyroid,0.0
GOUTY ARTHRITIS,2,"Muscle, bone & injury",0.0
STAPHYLOCOCCAL BACTERAEMIA,2,Other,0.0
GROIN INFECTION,2,Infections & breathing,0.0
BODY MODIFICATION,2,Other,0.0
RESPIRATORY FUME INHALATION DISORDER,2,Infections & breathing,0.0
SLEEP APNOEA DEVICE IMPLANT,2,"Dosing, device & product use",0.0
ARTERIAL INJURY,2,"Muscle, bone & injury",0.0
BONE FISSURE,2,Other,0.0
MUSCLE ENZYME INCREASED,2,"Muscle, bone & injury",0.0
IMMOBILISATION SYNDROME,2,Other,0.0
CARCINOID TUMOUR OF THE STOMACH,2,Cancer & thyroid,0.0
LIPASE DECREASED,2,Pancreas & gallbladder,0.0
MUSCLE HYPERTROPHY,2,"Muscle, bone & injury",0.0
URETERAL STENT INSERTION,2,Other,0.0
GRIEF REACTION,2,Other,0.0
LOSS OF THERAPEUTIC RESPONSE,2,Lack of effect,0.0
APGAR SCORE LOW,2,Other,0.0
GINGIVAL ATROPHY,2,Other,0.0
STEROID DIABETES,2,Other,0.0
IMPAIRED FASTING GLUCOSE,2,"Blood sugar, fluids & kidney",0.0
SEASONAL AFFECTIVE DISORDER,2,Other,0.0
IMMUNE-MEDIATED PROCTITIS,2,Other,0.0
IMPLANTABLE CARDIAC MONITOR INSERTION,2,Heart & circulation,0.0
STOMA OBSTRUCTION,2,Other,0.0
LEFT ATRIAL ENLARGEMENT,2,Heart & circulation,0.0
LUNG ADENOCARCINOMA,2,Cancer & thyroid,0.0
IMPLANT SITE PAIN,2,"General (tiredness, pain)",0.0
HYPOGLYCAEMIC ENCEPHALOPATHY,2,Other,0.0
GASTROSTOMY,2,Gastrointestinal,0.0
ARTERIAL REPAIR,2,Other,0.0
BLOOD URIC ACID ABNORMAL,2,Other,0.0
VASCULAR STENOSIS,2,Other,0.0
N-TERMINAL PROHORMONE BRAIN NATRIURETIC PEPTIDE INCREASED,2,Other,0.0
GROWTH RETARDATION,2,Other,0.0
MUSCLE CONTUSION,2,"Muscle, bone & injury",0.0
NECROTISING COLITIS,2,Gastrointestinal,0.0
MYOTONIA,2,Other,0.0
URINE POTASSIUM INCREASED,2,"Blood sugar, fluids & kidney",0.0
RETINAL ARTERY THROMBOSIS,2,Heart & circulation,0.0
GRANULOMA,2,Other,0.0
NECK DEFORMITY,2,Other,0.0
BRAIN CONTUSION,2,"Muscle, bone & injury",0.0
BONE LESION,2,Other,0.0
BARTHOLIN'S CYST,2,Other,0.0
MUSCLE SPASTICITY,2,"Muscle, bone & injury",0.0
BONE MARROW TRANSPLANT,2,Other,0.0
BRAIN CANCER METASTATIC,2,Cancer & thyroid,0.0
AORTIC VALVE CALCIFICATION,2,Other,0.0
BONE OPERATION,2,Other,0.0
LIPID METABOLISM DISORDER,2,Other,0.0
CARCINOID TUMOUR IN THE LARGE INTESTINE,2,Gastrointestinal,0.0
AORTIC VALVE DISEASE,2,Other,0.0
SEBORRHOEIC KERATOSIS,2,Other,0.0
RESPIRATORY TRACT INFECTION BACTERIAL,2,Infections & breathing,0.0
BORDERLINE PERSONALITY DISORDER,2,Other,0.0
SMALL CELL LUNG CANCER,2,Cancer & thyroid,0.0
VENA CAVA THROMBOSIS,2,Heart & circulation,0.0
GENERAL ANAESTHESIA,2,Other,0.0
GENE MUTATION,2,Other,0.0
AORTIC VALVE REPAIR,2,Other,0.0
VENOUS OPERATION,2,Other,0.0
THROMBOSED VARICOSE VEIN,1,Other,0.0
SPECIFIC GRAVITY URINE INCREASED,1,Other,0.0
PRURITUS ALLERGIC,1,Allergy,0.0
SINUSITIS BACTERIAL,1,Infections & breathing,0.0
WITHDRAWAL BLEED,1,Other,0.0
VAGINAL LESION,1,Other,0.0
SALPINGITIS,1,Other,0.0
TRANSIENT ACANTHOLYTIC DERMATOSIS,1,Other,0.0
SAPOVIRUS INFECTION,1,Infections & breathing,0.0
XEROPHTHALMIA,1,Other,0.0
PROTHROMBIN TIME RATIO DECREASED,1,Other,0.0
PROTHROMBIN TIME ABNORMAL,1,Other,0.0
TONSILLITIS BACTERIAL,1,Other,0.0
SLE ARTHRITIS,1,"Muscle, bone & injury",0.0
SALPINGO-OOPHORECTOMY,1,Other,0.0
SMALL CELL CARCINOMA,1,Cancer & thyroid,0.0
TRANSIENT HEPATIC ATTENUATION DIFFERENCES,1,Liver,0.0
WOLFF-PARKINSON-WHITE SYNDROME,1,Other,0.0
SMALL CELL LUNG CANCER METASTATIC,1,Cancer & thyroid,0.0
SKELETAL DYSPLASIA,1,Other,0.0
THROMBOPHLEBITIS SEPTIC,1,Other,0.0
SIGNET-RING CELL CARCINOMA,1,Cancer & thyroid,0.0
TRAUMATIC HEART INJURY,1,Heart & circulation,0.0
TRAUMATIC INTRACRANIAL HAEMORRHAGE,1,Other,0.0
YERSINIA INFECTION,1,Infections & breathing,0.0
SKIN ULCER HAEMORRHAGE,1,Skin & hair,0.0
TRAUMATIC PAIN,1,"General (tiredness, pain)",0.0
VASOSPASM,1,Other,0.0
PSEUDOMYXOMA PERITONEI,1,Other,0.0
TONGUE POLYP,1,Other,0.0
TONGUE ROUGH,1,Other,0.0
WHITE COAT HYPERTENSION,1,Heart & circulation,0.0
PSEUDOPHAKIA,1,Other,0.0
WHITE BLOOD CELLS URINE ABNORMAL,1,Other,0.0
TRAUMATIC HAEMATOMA,1,Other,0.0
SALIVARY GLAND CYST,1,Other,0.0
PSYCHIATRIC DECOMPENSATION,1,Other,0.0
TRAUMATIC PANCREATITIS,1,Pancreas & gallbladder,0.0
TRAUMATIC SHOCK,1,Other,0.0
TONIC CLONIC MOVEMENTS,1,Other,0.0
SLEEP TALKING,1,Mental health & sleep,0.0
TRAUMATIC SUBARACHNOID HAEMORRHAGE,1,Other,0.0
TONIC CONVULSION,1,Other,0.0
WHITE BLOOD CELLS URINE,1,Other,0.0
VARICOPHLEBITIS,1,Other,0.0
PSYCHOLOGICAL ABUSE,1,Other,0.0
TONGUE PARALYSIS,1,Other,0.0
VARICOSE ULCERATION,1,Other,0.0
SPEECH DISORDER DEVELOPMENTAL,1,Mental health & sleep,0.0
PRODUCT ORIGIN UNKNOWN,1,"Dosing, device & product use",0.0
TRANSIENT TACHYPNOEA OF THE NEWBORN,1,Other,0.0
XXX SYNDROME,1,Other,0.0
PSEUDOFOLLICULITIS,1,Other,0.0
SLOW RESPONSE TO STIMULI,1,Other,0.0
THROMBOLYSIS,1,Other,0.0
TONGUE INDURATION,1,Other,0.0
SPERM CONCENTRATION DECREASED,1,Other,0.0
SENILE DEMENTIA,1,Other,0.0
SPERMATOCYTIC SEMINOMA,1,Other,0.0
SENSATION OF BLOOD FLOW,1,Other,0.0
TRANSPOSITION OF THE GREAT VESSELS,1,Other,0.0
THROMBOCYTOPENIC PURPURA,1,Other,0.0
SENSITISATION,1,Other,0.0
TRANSURETHRAL PROSTATECTOMY,1,Other,0.0
SINUS PERFORATION,1,Other,0.0
VARICOSE VEIN RUPTURED,1,Other,0.0
PSEUDOHYPONATRAEMIA,1,Other,0.0
TRAPEZIECTOMY,1,Other,0.0
PSEUDOMEMBRANOUS COLITIS,1,Gastrointestinal,0.0
SINUS POLYP,1,Other,0.0
THROMBECTOMY,1,Other,0.0
SALIVARY GLAND MUCOCOELE,1,Other,0.0
PSEUDOMONAS TEST POSITIVE,1,Other,0.0
PSEUDOMYOPIA,1,Other,0.0
PROTEIN-LOSING GASTROENTEROPATHY,1,Gastrointestinal,0.0
TRANSAMINASES DECREASED,1,Liver,0.0
SILENT THYROIDITIS,1,Cancer & thyroid,0.0
SARS-COV-2 ANTIBODY TEST POSITIVE,1,Other,0.0
SECONDARY THROMBOCYTOSIS,1,Other,0.0
VENOUS RECANALISATION,1,Other,0.0
THYROID NEOPLASM REMOVAL,1,Cancer & thyroid,0.0
SMALL INTESTINE POLYP,1,Gastrointestinal,0.0
SODIUM RETENTION,1,Other,0.0
TOURETTE'S DISORDER,1,Other,0.0
SOFT TISSUE ATROPHY,1,Other,0.0
PROGRESSIVE FACIAL HEMIATROPHY,1,Other,0.0
VASCULAR CATHETERISATION,1,Other,0.0
SALIVA DISCOLOURATION,1,Other,0.0
VASODILATATION,1,Other,0.0
PROLACTIN-PRODUCING PITUITARY TUMOUR,1,Cancer & thyroid,0.0
TINEA CAPITIS,1,Other,0.0
PROLONGED EXPIRATION,1,Other,0.0
SOFT TISSUE FOREIGN BODY,1,Other,0.0
TRACHEAL NEOPLASM,1,Cancer & thyroid,0.0
PROPHYLAXIS OF NAUSEA AND VOMITING,1,Gastrointestinal,0.0
TRACHEAL OBSTRUCTION,1,Other,0.0
TRACHEAL POLYP,1,Other,0.0
TRACHEAL SCARRING,1,Other,0.0
WOUND TREATMENT,1,Other,0.0
URINE PHOSPHORUS INCREASED,1,Other,0.0
VASCULAR ACCESS SITE PAIN,1,"General (tiredness, pain)",0.0
WOUND SEPSIS,1,Infections & breathing,0.0
URINE CALCIUM INCREASED,1,Other,0.0
SOFT TISSUE NECROSIS,1,Other,0.0
PROSTATE CANCER RECURRENT,1,Cancer & thyroid,0.0
VASCULAR COMPRESSION,1,Other,0.0
SKULL FRACTURED BASE,1,"Muscle, bone & injury",0.0
PROGESTERONE INCREASED,1,Other,0.0
TOXIC NODULAR GOITRE,1,Other,0.0
SCROTAL DERMATITIS,1,Other,0.0
WRONG DEVICE USED,1,"Dosing, device & product use",0.0
SOCIAL FEAR,1,Other,0.0
TRACE ELEMENT DEFICIENCY,1,Other,0.0
WRONG PRODUCT STORED,1,"Dosing, device & product use",0.0
SMOOTH MUSCLE ANTIBODY POSITIVE,1,"Muscle, bone & injury",0.0
TRACHEAL DISORDER,1,Other,0.0
SCROTAL PAIN,1,"General (tiredness, pain)",0.0
SCROTAL OPERATION,1,Other,0.0
SMITH-MAGENIS SYNDROME,1,Other,0.0
VENOUS THROMBOSIS LIMB,1,Heart & circulation,0.0
WRONG DOSAGE FORM,1,"Dosing, device & product use",0.0
THYROXINE ABNORMAL,1,Other,0.0
TRACHEAL HAEMORRHAGE,1,Other,0.0
SINONASAL OBSTRUCTION,1,Other,0.0
SINOATRIAL BLOCK,1,Heart & circulation,0.0
URINE IRON,1,Other,0.0
WRITER'S CRAMP,1,Other,0.0
THYROID THERAPY,1,Cancer & thyroid,0.0
SCROTAL EXFOLIATION,1,Other,0.0
SMEGMA ACCUMULATION,1,Other,0.0
THYROXINE FREE DECREASED,1,Other,0.0
TRACHEAL INFLAMMATION,1,"General (tiredness, pain)",0.0
SINGLE UMBILICAL ARTERY,1,Other,0.0
THYROID NODULE REMOVAL,1,Cancer & thyroid,0.0
PROGESTERONE ABNORMAL,1,Other,0.0
PRODUCT SOLUBILITY ABNORMAL,1,"Dosing, device & product use",0.0
URINE LEUKOCYTE ESTERASE POSITIVE,1,Other,0.0
SCROTAL ERYTHEMA,1,Skin & hair,0.0
SMEAR CERVIX ABNORMAL,1,Other,0.0
TINEA CRURIS,1,Other,0.0
URINE BILIRUBIN INCREASED,1,Liver,0.0
VANISHING TWIN SYNDROME,1,Other,0.0
TOOTH HYPOPLASIA,1,Other,0.0
PRODUCT PHYSICAL CONSISTENCY ISSUE,1,"Dosing, device & product use",0.0
THYROID C-CELL HYPERPLASIA,1,Cancer & thyroid,0.0
UROBILINOGEN URINE INCREASED,1,Other,0.0
TRANSAMINASES ABNORMAL,1,Liver,0.0
SMALL INTESTINAL HAEMORRHAGE,1,Gastrointestinal,0.0
SCATOLIA,1,Other,0.0
SIRENOMELIA,1,Other,0.0
TOBACCO ABUSE,1,Other,0.0
PROSTHETIC CARDIAC VALVE MALFUNCTION,1,Heart & circulation,0.0
PRODUCT SUBSTITUTION,1,"Dosing, device & product use",0.0
TOBACCO USER,1,Other,0.0
UTERINE FIBROSIS,1,Other,0.0
SINUSITIS FUNGAL,1,Infections & breathing,0.0
VENTRICULAR DYSSYNCHRONY,1,Other,0.0
VASOPLEGIA SYNDROME,1,Other,0.0
VASCULAR ACCESS COMPLICATION,1,Other,0.0
TONGUE ABSCESS,1,Other,0.0
URTICARIA CHOLINERGIC,1,Skin & hair,0.0
PROTEIN INTOLERANCE,1,Other,0.0
THUNDERCLAP HEADACHE,1,Nervous system,0.0
SCAN BONE MARROW ABNORMAL,1,Other,0.0
SCAN ABNORMAL,1,Other,0.0
SCALLOPED TONGUE,1,Other,0.0
WOUND EVISCERATION,1,Other,0.0
TONSILLOLITH,1,Other,0.0
SPECIFIC GRAVITY BODY FLUID INCREASED,1,Other,0.0
SPECIFIC GRAVITY URINE ABNORMAL,1,Other,0.0
SARS-COV-2 TEST NEGATIVE,1,Other,0.0
SCHWANNOMA,1,Other,0.0
SOLILOQUY,1,Other,0.0
SENSORY LEVEL ABNORMAL,1,Other,0.0
PROSTATIC CYST,1,Other,0.0
PROSTATE CANCER STAGE IV,1,Cancer & thyroid,0.0
WOUND NECROSIS,1,Other,0.0
TINEA INFECTION,1,Infections & breathing,0.0
SCLERAL HYPERAEMIA,1,Other,0.0
SCLERAL HAEMORRHAGE,1,Other,0.0
PRODUCT QUALITY CONTROL ISSUE,1,"Dosing, device & product use",0.0
WOUND INFECTION BACTERIAL,1,Infections & breathing,0.0
X-RAY GASTROINTESTINAL TRACT ABNORMAL,1,Gastrointestinal,0.0
TINEA VERSICOLOUR,1,Other,0.0
PROSTATIC CALCIFICATION,1,Other,0.0
VASOMOTOR RHINITIS,1,Other,0.0
TRACHEOMALACIA,1,Other,0.0
VENOUS ANEURYSM,1,Other,0.0
SCLERAL DISORDER,1,Other,0.0
VAGINAL PROLAPSE REPAIR,1,Other,0.0
TRACTION,1,Other,0.0
VASCULAR ACCESS PLACEMENT,1,Other,0.0
SEIZURE CLUSTER,1,Nervous system,0.0
THYROID CYSTECTOMY,1,Cancer & thyroid,0.0
URINE POTASSIUM,1,"Blood sugar, fluids & kidney",0.0
SCLERAL DISCOLOURATION,1,Other,0.0
THYROID CANCER STAGE III,1,Cancer & thyroid,0.0
SCINTILLATING SCOTOMA,1,Other,0.0
VENIPUNCTURE,1,Other,0.0
THYROID CANCER STAGE II,1,Cancer & thyroid,0.0
THYROID CANCER STAGE I,1,Cancer & thyroid,0.0
PROSTATIC MASS,1,Other,0.0
SCIATIC NERVE NEUROPATHY,1,Nervous system,0.0
TRACHEAL INJURY,1,"Muscle, bone & injury",0.0
STOMA SITE COMPLICATION,1,Other,0.0
URINARY TRACT OPERATION,1,Other,0.0
URETHRAL HAEMORRHAGE,1,Other,0.0
SUPERIOR SEMICIRCULAR CANAL DEHISCENCE,1,Other,0.0
SQUAMOUS CELL CARCINOMA OF THE VAGINA,1,Cancer & thyroid,0.0
RED BLOOD CELL MORPHOLOGY ABNORMAL,1,Other,0.0
SQUAMOUS CELL CARCINOMA OF THE TONGUE,1,Cancer & thyroid,0.0
URETHRAL INJURY,1,"Muscle, bone & injury",0.0
RED BLOOD CELL COUNT ABNORMAL,1,Other,0.0
RED BLOOD CELL ABNORMALITY,1,Other,0.0
SUPRAPUBIC PAIN,1,"General (tiredness, pain)",0.0
VULVA CYST,1,Other,0.0
SEXUAL RELATIONSHIP CHANGE,1,Other,0.0
TYPHOID FEVER,1,Other,0.0
VIRAL TEST POSITIVE,1,Other,0.0
VIRAL SINUSITIS,1,Infections & breathing,0.0
SPUTUM RETENTION,1,Other,0.0
RECTAL ULCER,1,Gastrointestinal,0.0
UVULECTOMY,1,Other,0.0
SPUTUM INCREASED,1,Other,0.0
UTERINE MASS,1,Other,0.0
VOLUME BLOOD DECREASED,1,Other,0.0
TYPE III IMMUNE COMPLEX MEDIATED REACTION,1,Other,0.0
VOGT-KOYANAGI-HARADA DISEASE,1,Other,0.0
ULTRASOUND PANCREAS ABNORMAL,1,Pancreas & gallbladder,0.0
ULTRASOUND DOPPLER,1,Other,0.0
URETERITIS,1,Other,0.0
ULTRASOUND ABDOMEN ABNORMAL,1,Other,0.0
VISUAL SNOW SYNDROME,1,Eye,0.0
VISUAL PERSEVERATION,1,Eye,0.0
URETHRAL CYST,1,Other,0.0
URETHRAL DISORDER,1,Other,0.0
RETINAL ARTERY SPASM,1,Eye,0.0
STAPHYLOCOCCAL ABSCESS,1,Other,0.0
STAG HORN CALCULUS,1,Other,0.0
RED BLOOD CELLS URINE POSITIVE,1,Other,0.0
SKIN FRAGILITY,1,Skin & hair,0.0
RED BLOOD CELLS URINE,1,Other,0.0
VISION CORRECTION OPERATION,1,Eye,0.0
SUPERFICIAL VEIN PROMINENCE,1,Other,0.0
VISCEROPTOSIS,1,Other,0.0
SURGICAL STAPLING,1,Other,0.0
RECTAL POLYP,1,Gastrointestinal,0.0
VIRAL DIARRHOEA,1,Gastrointestinal,0.0
TYMPANOPLASTY,1,Other,0.0
VACCINATION SITE ERYTHEMA,1,Skin & hair,0.0
VIRAL MYOSITIS,1,Other,0.0
SEROUS RETINAL DETACHMENT,1,Eye,0.0
SWELLING OF NOSE,1,"General (tiredness, pain)",0.0
REACTIVE GASTROPATHY,1,Gastrointestinal,0.0
SWOLLEN TEAR DUCT,1,Other,0.0
REACTION TO FOOD ADDITIVE,1,Other,0.0
SYMPATHETIC POSTERIOR CERVICAL SYNDROME,1,Other,0.0
REACTION TO COLOURING,1,Other,0.0
SHARED PSYCHOTIC DISORDER,1,Other,0.0
UTERINE ISCHAEMIA,1,Other,0.0
SHIFT TO THE LEFT,1,Other,0.0
TURNER'S SYNDROME,1,Other,0.0
RATHKE'S CLEFT CYST,1,Other,0.0
SYNOVECTOMY,1,Other,0.0
SYNOVIAL RUPTURE,1,Other,0.0
SYPHILIS,1,Other,0.0
VACCINATION SITE BRUISING,1,Other,0.0
RECALLED PRODUCT,1,Other,0.0
TYPE II HYPERSENSITIVITY,1,Allergy,0.0
UVULITIS,1,Other,0.0
VIRAL RASH,1,Skin & hair,0.0
SPOUSAL ABUSE,1,Other,0.0
SPORTS INJURY,1,"Muscle, bone & injury",0.0
VULVAL DISORDER,1,Other,0.0
RETINAL IMPLANT,1,Eye,0.0
RETINAL INFARCTION,1,Eye,0.0
SEXUALLY INAPPROPRIATE BEHAVIOUR,1,Other,0.0
URETHRITIS,1,Other,0.0
SPONTANEOUS BACTERIAL PERITONITIS,1,Other,0.0
RECTAL CANCER METASTATIC,1,Gastrointestinal,0.0
VULVAL NEOPLASM,1,Cancer & thyroid,0.0
VULVAL ULCERATION,1,Other,0.0
SUTURE RUPTURE,1,Other,0.0
RECTAL ABSCESS,1,Gastrointestinal,0.0
SWEAT DISCOLOURATION,1,Other,0.0
SWEAT GLAND EXCISION,1,Other,0.0
SWEAT GLAND INFECTION,1,Infections & breathing,0.0
RETINAL ANEURYSM,1,Eye,0.0
STAPHYLOCOCCAL SKIN INFECTION,1,Infections & breathing,0.0
REFLEXES ABNORMAL,1,Other,0.0
UPPER GASTROINTESTINAL PERFORATION,1,Gastrointestinal,0.0
RENAL HYPERTROPHY,1,"Blood sugar, fluids & kidney",0.0
RENAL VEIN COMPRESSION,1,"Blood sugar, fluids & kidney",0.0
SERUM SEROTONIN INCREASED,1,Other,0.0
RENAL HAMARTOMA,1,"Blood sugar, fluids & kidney",0.0
UNWANTED AWARENESS DURING ANAESTHESIA,1,Other,0.0
RENIN INCREASED,1,Other,0.0
REPETITIVE SPEECH,1,Other,0.0
STILL'S DISEASE,1,Other,0.0
RENAL DYSPLASIA,1,"Blood sugar, fluids & kidney",0.0
UTERINE SCAR,1,Other,0.0
RENAL CYST HAEMORRHAGE,1,"Blood sugar, fluids & kidney",0.0
STIFF TONGUE,1,Other,0.0
STIFF PERSON SYNDROME,1,Other,0.0
STICKY SKIN,1,Skin & hair,0.0
SERUM SICKNESS-LIKE REACTION,1,Other,0.0
VITAMIN E DEFICIENCY,1,Other,0.0
STRESS ULCER,1,Mental health & sleep,0.0
STREPTOCOCCAL URINARY TRACT INFECTION,1,Infections & breathing,0.0
STRAWBERRY TONGUE,1,Other,0.0
ULTRASOUND SCAN ABNORMAL,1,Other,0.0
URATE NEPHROPATHY,1,"Blood sugar, fluids & kidney",0.0
RENAL TUBULAR ACIDOSIS,1,"Blood sugar, fluids & kidney",0.0
STOMA SITE PAIN,1,"General (tiredness, pain)",0.0
STOMAL HERNIA,1,Other,0.0
RENAL PROCEDURAL COMPLICATION,1,"Blood sugar, fluids & kidney",0.0
RENAL PERIVASCULAR EPITHELIOID CELL TUMOUR,1,Cancer & thyroid,0.0
RENAL TUBULAR DISORDER,1,"Blood sugar, fluids & kidney",0.0
STOMA COMPLICATION,1,Other,0.0
STITCH ABSCESS,1,Other,0.0
STOOL DNA TEST POSITIVE,1,Other,0.0
RENAL TUBULAR INJURY,1,"Blood sugar, fluids & kidney",0.0
RENAL LIPOMA,1,"Blood sugar, fluids & kidney",0.0
RENAL LESION EXCISION,1,"Blood sugar, fluids & kidney",0.0
UPPER RESPIRATORY TRACT INFLAMMATION,1,Infections & breathing,0.0
SERUM SICKNESS,1,Other,0.0
VASCULAR RINGS AND SLINGS,1,Other,0.0
URACHAL SINUS INFECTION,1,Infections & breathing,0.0
VASCULAR PURPURA,1,Other,0.0
VITAMIN K DEFICIENCY,1,Other,0.0
RENAL CANCER STAGE IV,1,Cancer & thyroid,0.0
RENAL CANCER STAGE I,1,Cancer & thyroid,0.0
VITAMIN K INCREASED,1,Other,0.0
STEM CELL TRANSPLANT,1,Other,0.0
STEM CELL DONOR,1,Other,0.0
URETERAL STENT REMOVAL,1,Other,0.0
UMBILICAL HERNIA PERFORATION,1,Other,0.0
SUBCUTANEOUS HAEMATOMA,1,Other,0.0
SUBDIAPHRAGMATIC ABSCESS,1,Other,0.0
VOCAL CORD CYST,1,Other,0.0
VASCULAR PARKINSONISM,1,Other,0.0
SUBMAXILLARY GLAND ENLARGEMENT,1,Other,0.0
UVEAL MELANOMA,1,Other,0.0
STASIS DERMATITIS,1,Other,0.0
URETERIC CANCER,1,Cancer & thyroid,0.0
REFRACTION DISORDER,1,Other,0.0
VOCAL CORD INFLAMMATION,1,"General (tiredness, pain)",0.0
STARING,1,Other,0.0
UMBILICAL CORD VASCULAR DISORDER,1,Other,0.0
RETAINED PRODUCTS OF CONCEPTION,1,Other,0.0
RELAPSING FEVER,1,Other,0.0
STENT MALFUNCTION,1,Other,0.0
SUBCUTANEOUS EMPHYSEMA,1,Other,0.0
SERRATED POLYPOSIS SYNDROME,1,Other,0.0
STEROID WITHDRAWAL SYNDROME,1,Other,0.0
SEVERE CUTANEOUS ADVERSE REACTION,1,Other,0.0
STRESS URINARY INCONTINENCE,1,Mental health & sleep,0.0
URETERAL DISORDER,1,Other,0.0
STRIDOR,1,Other,0.0
RESPIRATORY MUSCLE WEAKNESS,1,Infections & breathing,0.0
SUBACUTE CUTANEOUS LUPUS ERYTHEMATOSUS,1,Skin & hair,0.0
"UMBILICAL HERNIA, OBSTRUCTIVE",1,Other,0.0
RESPIRATORY TRACT OEDEMA,1,Infections & breathing,0.0
VITAMIN B1 INCREASED,1,Other,0.0
RENAL ARTERY DISSECTION,1,"Blood sugar, fluids & kidney",0.0
SEXUAL ABSTINENCE,1,Other,0.0
VASCULAR PSEUDOANEURYSM,1,Other,0.0
SUBCHORIONIC HAEMORRHAGE,1,Other,0.0
SUBCLAVIAN VEIN STENOSIS,1,Other,0.0
SEXUAL ABUSE,1,Other,0.0
VULVOVAGINAL EXFOLIATION,1,Other,0.0
TUMOUR HAEMORRHAGE,1,Cancer & thyroid,0.0
RUPTURED ECTOPIC PREGNANCY,1,Other,0.0
VAGINAL ABSCESS,1,Other,0.0
PULPITIS DENTAL,1,Other,0.0
WEIGHT NORMAL,1,Weight & appetite,0.0
PULMONARY VENOUS THROMBOSIS,1,Heart & circulation,0.0
TETHERED CORD SYNDROME,1,Other,0.0
PULMONARY VEIN OCCLUSION,1,Other,0.0
PULMONARY VALVE INCOMPETENCE,1,Other,0.0
PULMONARY VALVE DISEASE,1,Other,0.0
TETRAHYDROCORTISOL URINE INCREASED,1,Other,0.0
PULMONARY TUBERCULOSIS,1,Other,0.0
PULMONARY TOXICITY,1,Other,0.0
THALAMUS HAEMORRHAGE,1,Other,0.0
THERAPEUTIC DRUG MONITORING ANALYSIS INCORRECTLY PERFORMED,1,"Dosing, device & product use",0.0
VERTIGO CNS ORIGIN,1,Nervous system,0.0
VAGINAL CANCER,1,Cancer & thyroid,0.0
VERTEBROBASILAR STROKE,1,Heart & circulation,0.0
PULMONARY SARCOIDOSIS,1,Other,0.0
THERAPEUTIC NERVE ABLATION,1,Other,0.0
SPINAL IMPLANTATION,1,Other,0.0
TESTIS DISCOMFORT,1,"General (tiredness, pain)",0.0
SPINAL FLATTENING,1,Other,0.0
RHINOPHYMA,1,Other,0.0
SEPTIC ENCEPHALOPATHY,1,Other,0.0
TESTICULAR ATROPHY,1,Other,0.0
PUPIL DILATION PROCEDURE,1,Other,0.0
TESTICULAR CANCER METASTATIC,1,Cancer & thyroid,0.0
TESTICULAR DISORDER,1,Other,0.0
TESTICULAR FAILURE,1,Other,0.0
TRICUSPID VALVE THROMBOSIS,1,Heart & circulation,0.0
TESTICULAR MICROLITHIASIS,1,Other,0.0
PUNCTURE SITE INJURY,1,"Muscle, bone & injury",0.0
RHEUMATOID FACTOR INCREASED,1,Other,0.0
SPINAL NERVE SHEATH TUMOUR,1,Cancer & thyroid,0.0
PUNCTURE SITE BRUISE,1,Other,0.0
SPINAL MUSCULAR ATROPHY,1,"Muscle, bone & injury",0.0
SPINAL MENINGEAL CYST,1,Other,0.0
TESTICULAR TORSION,1,Other,0.0
VACUUM EXTRACTOR DELIVERY,1,Liver,0.0
RENAL TUBULAR ATROPHY,1,"Blood sugar, fluids & kidney",0.0
TRICHOTILLOMANIA,1,Other,0.0
RIB DEFORMITY,1,Other,0.0
UTERINE HYPERTONUS,1,Other,0.0
RIGHT VENTRICULAR SYSTOLIC PRESSURE INCREASED,1,Other,0.0
THERMOHYPERAESTHESIA,1,Other,0.0
SPINAL CORD INJURY CERVICAL,1,"Muscle, bone & injury",0.0
PULMONARY ARTERY STENOSIS CONGENITAL,1,Other,0.0
PULMONARY ARTERIAL WEDGE PRESSURE INCREASED,1,Other,0.0
SPINAL CORD INJURY CAUDA EQUINA,1,"Muscle, bone & injury",0.0
SPINAL CORD INFECTION,1,Infections & breathing,0.0
VERTEBRAL ARTERY OCCLUSION,1,Other,0.0
VERTEBRAL ARTERY ANEURYSM,1,Other,0.0
SEPSIS NEONATAL,1,Infections & breathing,0.0
URINARY TRACT INJURY,1,"Muscle, bone & injury",0.0
SPINAL CORD INFARCTION,1,Other,0.0
TRAUMATIC ULCER,1,Other,0.0
PSYCHOTIC BEHAVIOUR,1,Other,0.0
ROTAVIRUS INFECTION,1,Infections & breathing,0.0
PSYCHOTHERAPY,1,Other,0.0
PSYCHOPHYSIOLOGIC INSOMNIA,1,Mental health & sleep,0.0
SIGHT DISABILITY,1,Other,0.0
PULMONARY CONTUSION,1,"Muscle, bone & injury",0.0
RIGHT VENTRICULAR HYPERTROPHY,1,Other,0.0
URINARY TRACT INFECTION STAPHYLOCOCCAL,1,Infections & breathing,0.0
VERTEBRAL COLUMN MASS,1,Other,0.0
SPINAL DECOMPRESSION,1,Other,0.0
TRICHOGLOSSIA,1,Other,0.0
WHIPPLE'S DISEASE,1,Other,0.0
VERTEBRAL OSTEOPHYTE,1,Other,0.0
RIGHT AORTIC ARCH,1,Other,0.0
THERAPEUTIC PRODUCT INEFFECTIVE FOR UNAPPROVED INDICATION,1,"Dosing, device & product use",0.0
TRICHOBLASTIC CARCINOMA,1,Cancer & thyroid,0.0
SEPTIC EMBOLUS,1,Other,0.0
TRI-IODOTHYRONINE UPTAKE INCREASED,1,Other,0.0
SICKLE CELL DISEASE,1,Other,0.0
TRI-IODOTHYRONINE UPTAKE DECREASED,1,Other,0.0
SPINAL CORD LIPOMA,1,Other,0.0
TRI-IODOTHYRONINE FREE DECREASED,1,Other,0.0
SPINAL CORD ISCHAEMIA,1,Other,0.0
VERTEBRAL LESION,1,Other,0.0
TRENCH FOOT,1,Other,0.0
VAGINAL FLATULENCE,1,Gastrointestinal,0.0
PUPILLARY LIGHT REFLEX TESTS ABNORMAL,1,Other,0.0
VERY LOW DENSITY LIPOPROTEIN INCREASED,1,Other,0.0
SHUNT INFECTION,1,Infections & breathing,0.0
SKIN SQUAMOUS CELL CARCINOMA RECURRENT,1,Cancer & thyroid,0.0
TROPONIN DECREASED,1,Other,0.0
TROPONIN ABNORMAL,1,Other,0.0
RADIATION HYPOTHYROIDISM,1,Cancer & thyroid,0.0
TACHYCARDIA PAROXYSMAL,1,Heart & circulation,0.0
RADIAL NERVE INJURY,1,"Muscle, bone & injury",0.0
VULVOVAGINITIS ALLERGIC,1,Allergy,0.0
TRISOMY 22,1,Other,0.0
RETROGNATHIA,1,Other,0.0
TACHYPHYLAXIS,1,Other,0.0
URINARY BLADDER SUSPENSION,1,Other,0.0
SPLENIC ABSCESS,1,Other,0.0
RETROGRADE AMNESIA,1,Nervous system,0.0
QUADRANTANOPIA,1,Other,0.0
QRS AXIS ABNORMAL,1,Other,0.0
WALKING DISTANCE TEST ABNORMAL,1,Other,0.0
TEAR FILM INSTABILITY,1,Other,0.0
Q FEVER,1,Other,0.0
RETINOPATHY HAEMORRHAGIC,1,Eye,0.0
TRYPOPHOBIA,1,Other,0.0
VESICAL FISTULA,1,Other,0.0
VACCINATION SITE WARMTH,1,Other,0.0
SPLENIC NEOPLASM MALIGNANCY UNSPECIFIED,1,Cancer & thyroid,0.0
RASH FOLLICULAR,1,Skin & hair,0.0
VACCINATION SITE PAIN,1,"General (tiredness, pain)",0.0
T-CELL LYMPHOMA,1,Cancer & thyroid,0.0
VACCINATION SITE SWELLING,1,"General (tiredness, pain)",0.0
URINARY BLADDER HERNIATION,1,Other,0.0
RAPID EYE MOVEMENTS SLEEP ABNORMAL,1,Eye,0.0
SPLENIC INFECTION,1,Infections & breathing,0.0
TACHYCARDIA FOETAL,1,Heart & circulation,0.0
RADIOEMBOLISATION,1,Other,0.0
URINARY BLADDER POLYP,1,Other,0.0
TUBERCULOUS PLEURISY,1,Other,0.0
TACHYCARDIA INDUCED CARDIOMYOPATHY,1,Heart & circulation,0.0
TUBAL RUPTURE,1,Other,0.0
SHORT-BOWEL SYNDROME,1,Gastrointestinal,0.0
RADICULITIS BRACHIAL,1,Other,0.0
RADICAL HYSTERECTOMY,1,Other,0.0
TRISOMY 21,1,Other,0.0
RETROPERITONEAL EFFUSION,1,Other,0.0
PYOGENIC GRANULOMA,1,Other,0.0
RETROPERITONEAL HAEMORRHAGE,1,Other,0.0
PYELOCALIECTASIS,1,Other,0.0
SPLEEN ISCHAEMIA,1,Other,0.0
SEPTIC PULMONARY EMBOLISM,1,Heart & circulation,0.0
SPINOCEREBELLAR DISORDER,1,Other,0.0
RETROPERITONEAL MASS,1,Other,0.0
TENODESIS,1,Other,0.0
PUSTULAR PSORIASIS,1,Other,0.0
TENOLYSIS,1,Other,0.0
PUS IN STOOL,1,Other,0.0
SPINAL SYNOVIAL CYST,1,Other,0.0
TRIGEMINAL NERVE PARESIS,1,Other,0.0
URINARY NITROGEN INCREASED,1,Other,0.0
URINARY OCCULT BLOOD POSITIVE,1,Other,0.0
VASCULAR STENT THROMBOSIS,1,Heart & circulation,0.0
URINARY STRAINING,1,Other,0.0
RHEUMATIC FEVER,1,Other,0.0
TRIFASCICULAR BLOCK,1,Other,0.0
VACTERL SYNDROME,1,Other,0.0
TRISOMY 15,1,Other,0.0
VACCINE INTERACTION,1,Other,0.0
WARM AUTOIMMUNE HAEMOLYTIC ANAEMIA,1,Other,0.0
URINARY CONTROL NEUROSTIMULATOR IMPLANTATION,1,Other,0.0
TEETHING,1,Other,0.0
SHOULDER DYSTOCIA,1,Other,0.0
TELANGIECTASIA,1,Other,0.0
WALLED-OFF PANCREATIC NECROSIS,1,Pancreas & gallbladder,0.0
PYLORIC SPHINCTER INSUFFICIENCY,1,Other,0.0
RETROPERITONEAL LYMPHADENOPATHY,1,Other,0.0
TEMPORAL LOBE EPILEPSY,1,Other,0.0
SPLEEN OPERATION,1,Other,0.0
WATER INTOXICATION,1,Other,0.0
TEMPOROMANDIBULAR JOINT SYNDROME,1,"Muscle, bone & injury",0.0
VASCULAR ENCEPHALOPATHY,1,Other,0.0
SPLENECTOMY,1,Other,0.0
TENDON CALCIFICATION,1,Other,0.0
TRISOMY 16,1,Other,0.0
WATER POLLUTION,1,Other,0.0
ULCERATIVE GASTRITIS,1,Gastrointestinal,0.0
INTRA-ABDOMINAL VASCULAR INJURY,1,Gastrointestinal,0.0
PRODUCT IMPURITY,1,"Dosing, device & product use",0.0
DECOMPRESSIVE CRANIECTOMY,1,Other,0.0
CSF SHUNT OPERATION,1,Other,0.0
CSF TEST ABNORMAL,1,Other,0.0
CSF VOLUME INCREASED,1,Other,0.0
CUBITAL TUNNEL SYNDROME,1,Other,0.0
CULTURE STOOL POSITIVE,1,Other,0.0
CUTANEOUS AMYLOIDOSIS,1,Other,0.0
CUTANEOUS LUPUS ERYTHEMATOSUS,1,Skin & hair,0.0
CUTANEOUS SARCOIDOSIS,1,Other,0.0
CYANOPSIA,1,Other,0.0
CYCLOSPORIDIUM INFECTION,1,Infections & breathing,0.0
CYSTATIN C DECREASED,1,Other,0.0
CYSTATIN C INCREASED,1,Other,0.0
CYSTIC FIBROSIS PANCREATIC,1,Pancreas & gallbladder,0.0
CYSTIC LYMPHANGIOMA,1,Other,0.0
CYSTITIS KLEBSIELLA,1,Other,0.0
CYSTOCELE REPAIR,1,Other,0.0
CYTOMEGALOVIRUS TEST POSITIVE,1,Other,0.0
CYTOMEGALOVIRUS VIRAEMIA,1,Other,0.0
CYTOTOXIC LESIONS OF CORPUS CALLOSUM,1,Other,0.0
DACRYOADENITIS ACQUIRED,1,Other,0.0
DACTYLITIS,1,Other,0.0
CSF PRESSURE INCREASED,1,Other,0.0
CSF PRESSURE ABNORMAL,1,Other,0.0
CSF OLIGOCLONAL BAND PRESENT,1,Other,0.0
CORTICOBASAL DEGENERATION,1,Other,0.0
CORNEAL SCAR,1,Other,0.0
CORNEAL THICKENING,1,Other,0.0
CORONARY ANGIOPLASTY,1,Other,0.0
CORONARY ARTERY DILATATION,1,Other,0.0
CORONARY ARTERY SURGERY,1,Other,0.0
CORONARY REVASCULARISATION,1,Other,0.0
CORONARY VEIN STENOSIS,1,Other,0.0
CORONAVIRUS PNEUMONIA,1,Infections & breathing,0.0
CORTICAL HAND STROKE,1,Heart & circulation,0.0
CRANIAL NERVE DECOMPRESSION,1,Other,0.0
CSF GLUCOSE INCREASED,1,"Blood sugar, fluids & kidney",0.0
CRANIAL NERVE DISORDER,1,Other,0.0
CRANIAL NERVE NEOPLASM,1,Cancer & thyroid,0.0
CRANIOFACIAL INJURY,1,"Muscle, bone & injury",0.0
CRANIOSYNOSTOSIS,1,Other,0.0
CREATINE KINASE MB INCREASED,1,Other,0.0
CREATINE URINE INCREASED,1,Other,0.0
CREATININE RENAL CLEARANCE ABNORMAL,1,"Blood sugar, fluids & kidney",0.0
CREUTZFELDT-JAKOB DISEASE,1,Other,0.0
CRYPTORCHISM,1,Other,0.0
DEAFNESS TRANSITORY,1,Nervous system,0.0
DECREASED VIBRATORY SENSE,1,Other,0.0
CORNEAL LESION,1,Other,0.0
DEEP TISSUE INJURY,1,"Muscle, bone & injury",0.0
DIABETIC COMPLICATION RENAL,1,"Blood sugar, fluids & kidney",0.0
DIABETIC CYSTOPATHY,1,Other,0.0
DIABETIC ENDORGAN DAMAGE,1,Other,0.0
DIABETIC GASTROENTEROPATHY,1,Gastrointestinal,0.0
DIABETIC GLAUCOMA,1,Other,0.0
DIABETIC MACROANGIOPATHY,1,Other,0.0
DIABETIC ULCER,1,Other,0.0
DIAPHRAGMATIC INJURY,1,"Muscle, bone & injury",0.0
DIAPHRAGMATIC RUPTURE,1,Other,0.0
DIAPHRAGMATIC SPASM,1,Other,0.0
DIASTEMA,1,Other,0.0
DIASTOLIC HYPERTENSION,1,Heart & circulation,0.0
DIENTAMOEBA INFECTION,1,Infections & breathing,0.0
DIET REFUSAL,1,Other,0.0
DIFFERENTIAL WHITE BLOOD CELL COUNT,1,Other,0.0
DIFFUSE ALVEOLAR DAMAGE,1,Other,0.0
DIFFUSE IDIOPATHIC PULMONARY NEUROENDOCRINE CELL HYPERPLASIA,1,Other,0.0
DIFFUSE LARGE B-CELL LYMPHOMA STAGE II,1,Cancer & thyroid,0.0
DIGESTIVE ENZYME ABNORMAL,1,Other,0.0
DILATATION INTRAHEPATIC DUCT ACQUIRED,1,Liver,0.0
DIMINISHED OVARIAN RESERVE,1,Other,0.0
DIABETIC AUTONOMIC NEUROPATHY,1,Nervous system,0.0
DIABETES MELLITUS MALNUTRITION-RELATED,1,Weight & appetite,0.0
DEVICE RELATED SEPSIS,1,"Dosing, device & product use",0.0
DENTURE WEARER,1,Other,0.0
DEFICIENCY OF BILE SECRETION,1,Other,0.0
DEFORMITY THORAX,1,Other,0.0
DEGENERATION OF UTERINE LEIOMYOMA,1,Other,0.0
DEGENERATIVE BONE DISEASE,1,Other,0.0
"DELUSIONAL DISORDER, PERSECUTORY TYPE",1,Other,0.0
DENTAL BONE GRAFT,1,Other,0.0
DENTAL PARAESTHESIA,1,Nervous system,0.0
DENTAL PROSTHESIS PLACEMENT,1,Other,0.0
DENTAL PROSTHESIS REMOVAL,1,Other,0.0
DEPENDENCE ON RESPIRATOR,1,Other,0.0
DEVICE INTERACTION,1,"Dosing, device & product use",0.0
DERMATILLOMANIA,1,Other,0.0
DERMATITIS ACNEIFORM,1,Other,0.0
DERMATITIS EXFOLIATIVE,1,Other,0.0
DERMATITIS EXFOLIATIVE GENERALISED,1,Other,0.0
DERMATOPHYTOSIS,1,Other,0.0
DERMATOPHYTOSIS OF NAIL,1,Other,0.0
DERMOID CYST,1,Other,0.0
DESMOID TUMOUR,1,Cancer & thyroid,0.0
DETACHMENT OF RETINAL PIGMENT EPITHELIUM,1,Eye,0.0
CORNEAL OPACITY,1,Other,0.0
CORNEAL INFECTION,1,Infections & breathing,0.0
DISINHIBITION,1,Other,0.0
CLOSTRIDIUM COLITIS,1,Gastrointestinal,0.0
CHORDOMA,1,Other,0.0
CHOREA,1,Other,0.0
CHORIORETINITIS,1,Eye,0.0
CHOROIDAL DYSTROPHY,1,Other,0.0
CHOROIDITIS,1,Other,0.0
CHROMATOPSIA,1,Other,0.0
CHRONIC HEPATITIS B,1,Liver,0.0
CHRONIC LEFT VENTRICULAR FAILURE,1,Other,0.0
CHRONIC LYMPHOCYTIC INFLAMMATION WITH PONTINE PERIVASCULAR ENHANCEMENT RESPONSIVE TO STEROIDS,1,"General (tiredness, pain)",0.0
CHRONIC MYELOID LEUKAEMIA TRANSFORMATION,1,Other,0.0
CHRONIC PIGMENTED PURPURA,1,Other,0.0
CHRONIC SPONTANEOUS URTICARIA,1,Skin & hair,0.0
CILIARY MUSCLE SPASM,1,"Muscle, bone & injury",0.0
CIRCUMCISION,1,Other,0.0
CIRCUMORAL OEDEMA,1,Other,0.0
CIRCUMSTANCE OR INFORMATION CAPABLE OF LEADING TO DEVICE USE ERROR,1,"Dosing, device & product use",0.0
CLEFT LIP AND PALATE,1,Other,0.0
CLEFT PALATE,1,Other,0.0
CLENCHED HAND,1,Other,0.0
CLONUS,1,Other,0.0
CLOSTRIDIAL INFECTION,1,Infections & breathing,0.0
CHORDEE,1,Other,0.0
CHOLESTASIS OF PREGNANCY,1,Pancreas & gallbladder,0.0
CHOLERA,1,Pancreas & gallbladder,0.0
CERVIX HAEMORRHAGE UTERINE,1,Other,0.0
CEREBRAL ARTERY EMBOLISM,1,Heart & circulation,0.0
CEREBRAL ARTERY THROMBOSIS,1,Heart & circulation,0.0
CEREBRAL MICROANGIOPATHY,1,Other,0.0
CEREBRAL MICROHAEMORRHAGE,1,Other,0.0
CEREBRAL VENTRICLE COLLAPSE,1,Other,0.0
CEREBROSPINAL FLUID CIRCULATION DISORDER,1,Other,0.0
CERVICAL DISCHARGE,1,Other,0.0
CERVICAL POLYP,1,Other,0.0
CERVIX DISORDER,1,Other,0.0
CERVIX OEDEMA,1,Other,0.0
CHOLECYSTOCHOLANGITIS,1,Pancreas & gallbladder,0.0
CHEMICAL POISONING,1,Other,0.0
CHEST X-RAY ABNORMAL,1,Heart & circulation,0.0
CHIKUNGUNYA VIRUS INFECTION,1,Infections & breathing,0.0
CHILAIDITI'S SYNDROME,1,Other,0.0
CHLOASMA,1,Other,0.0
CHLOROMA,1,Other,0.0
CHOLANGIOLITIS,1,Other,0.0
CHOLANGITIS CHRONIC,1,Other,0.0
CHOLANGITIS SCLEROSING,1,Other,0.0
CLOSTRIDIUM BACTERAEMIA,1,Other,0.0
COAGULATION FACTOR VIII LEVEL INCREASED,1,Other,0.0
CORNEAL GRAFT REJECTION,1,Other,0.0
COAGULATION TIME ABNORMAL,1,Other,0.0
CONGENITAL ARACHNOID CYST,1,Other,0.0
CONGENITAL ARTERIAL MALFORMATION,1,Other,0.0
CONGENITAL ECTOPIC PANCREAS,1,Pancreas & gallbladder,0.0
CONGENITAL FOOT MALFORMATION,1,Other,0.0
CONGENITAL GENITOURINARY ABNORMALITY,1,Other,0.0
CONGENITAL HYDRONEPHROSIS,1,"Blood sugar, fluids & kidney",0.0
CONGENITAL KNEE DISLOCATION,1,Other,0.0
CONGENITAL PULMONARY VALVE ATRESIA,1,Other,0.0
CONGENITAL RENAL DISORDER,1,"Blood sugar, fluids & kidney",0.0
CONGENITAL TERATOMA,1,Other,0.0
CONGESTIVE CARDIOMYOPATHY,1,Other,0.0
CONGESTIVE HEPATOPATHY,1,Liver,0.0
CONJUNCTIVAL OEDEMA,1,Other,0.0
CONTRACTED BLADDER,1,Other,0.0
CONVULSIONS LOCAL,1,Other,0.0
CONVULSIVE THRESHOLD LOWERED,1,Other,0.0
COR PULMONALE,1,Other,0.0
CORNEAL DEGENERATION,1,Other,0.0
CORNEAL DEPOSITS,1,Other,0.0
CORNEAL DYSTROPHY,1,Other,0.0
CORNEAL EROSION,1,Other,0.0
COMPUTERISED TOMOGRAM PANCREAS,1,Pancreas & gallbladder,0.0
COMPUTERISED TOMOGRAM ABDOMEN,1,Other,0.0
COMPULSIVE SHOPPING,1,Other,0.0
COLONOSCOPY ABNORMAL,1,Gastrointestinal,0.0
COARCTATION OF THE AORTA,1,Other,0.0
COITAL BLEEDING,1,Other,0.0
COLD DYSAESTHESIA,1,Other,0.0
COLD EXPOSURE INJURY,1,"Dosing, device & product use",0.0
COLON CANCER RECURRENT,1,Gastrointestinal,0.0
COLON CANCER STAGE II,1,Gastrointestinal,0.0
COLON CANCER STAGE III,1,Gastrointestinal,0.0
COLON DYSPLASIA,1,Gastrointestinal,0.0
COLON GANGRENE,1,Gastrointestinal,0.0
COLORECTAL ADENOCARCINOMA,1,Gastrointestinal,0.0
COMPLICATION OF DEVICE REMOVAL,1,"Dosing, device & product use",0.0
COLORECTAL CANCER METASTATIC,1,Gastrointestinal,0.0
COLORECTAL CANCER RECURRENT,1,Gastrointestinal,0.0
COLOSTOMY BAG USER,1,Other,0.0
COLOSTOMY CLOSURE,1,Other,0.0
COMA ACIDOTIC,1,Other,0.0
COMA HEPATIC,1,Liver,0.0
COMPARTMENT SYNDROME,1,Other,0.0
COMPLEMENT FACTOR C4 DECREASED,1,Other,0.0
COMPLEX REGIONAL PAIN SYNDROME,1,"General (tiredness, pain)",0.0
DIPLOPIA CORRECTION,1,Eye,0.0
DIVERTICULITIS MECKEL'S,1,Gastrointestinal,0.0
GASTRIC ULCER HELICOBACTER,1,Gastrointestinal,0.0
FIBROSARCOMA METASTATIC,1,Other,0.0
FALSE LABOUR,1,Other,0.0
FALSE NEGATIVE PREGNANCY TEST,1,Other,0.0
FAMILIAL HEMIPLEGIC MIGRAINE,1,Nervous system,0.0
FAMILIAL PERIODIC PARALYSIS,1,Other,0.0
FAMILIAL TREMOR,1,Nervous system,0.0
FASCIAL RUPTURE,1,Other,0.0
FASCIOLOPSIASIS,1,Other,0.0
FASTING,1,Other,0.0
FEAR OF OPEN SPACES,1,Other,0.0
FEAR OF TRAVELLING,1,Other,0.0
FEAR-RELATED AVOIDANCE OF ACTIVITIES,1,Other,0.0
FEBRILE INFECTION,1,Infections & breathing,0.0
FEEDING TUBE USER,1,Weight & appetite,0.0
FEELING GUILTY,1,"General (tiredness, pain)",0.0
FEELINGS OF WORTHLESSNESS,1,"General (tiredness, pain)",0.0
FEMINISATION ACQUIRED,1,Other,0.0
FEMORAL ARTERY EMBOLISM,1,Heart & circulation,0.0
FEMORAL HERNIA,1,Other,0.0
FEMOROACETABULAR IMPINGEMENT,1,Other,0.0
FEVER NEONATAL,1,Other,0.0
FIBRILLARY GLOMERULONEPHRITIS,1,Other,0.0
FALLOT'S TETRALOGY,1,"Muscle, bone & injury",0.0
FALLOPIAN TUBE CANCER,1,Cancer & thyroid,0.0
FAILED IN VITRO FERTILISATION,1,Other,0.0
EYELID DISCOLOURATION,1,Eye,0.0
EXTERNAL EAR INFLAMMATION,1,"General (tiredness, pain)",0.0
EXTRANODAL MARGINAL ZONE B-CELL LYMPHOMA (MALT TYPE),1,Cancer & thyroid,0.0
EXTRAOCULAR MUSCLE DISORDER,1,"Muscle, bone & injury",0.0
EXTREMITY CONTRACTURE,1,Other,0.0
EYE ABSCESS,1,Eye,0.0
EYE LASER SCAR,1,Eye,0.0
EYE SYMPTOM,1,Eye,0.0
EYEGLASSES THERAPY,1,Eye,0.0
EYELID CONTUSION,1,Eye,0.0
EYELID HAEMATOMA,1,Eye,0.0
FAECAL OCCULT BLOOD POSITIVE,1,Other,0.0
EYELID INJURY,1,Eye,0.0
EYELID THICKENING,1,Eye,0.0
FACET JOINT SYNDROME,1,"Muscle, bone & injury",0.0
FACIAL NERVE DISORDER,1,Other,0.0
FACIAL NERVE NEURITIS,1,Other,0.0
FACIOSCAPULOHUMERAL MUSCULAR DYSTROPHY,1,"Muscle, bone & injury",0.0
FAECAL CALPROTECTIN,1,Other,0.0
FAECAL ELASTASE CONCENTRATION DECREASED,1,Other,0.0
FAECAL OCCULT BLOOD,1,Other,0.0
FIBRIN D DIMER DECREASED,1,Other,0.0
FINGER AMPUTATION,1,Other,0.0
EXTENSOR PLANTAR RESPONSE,1,Other,0.0
FINGER DEFORMITY,1,Other,0.0
FRACTURE NONUNION,1,"Muscle, bone & injury",0.0
FRACTURE PAIN,1,"Muscle, bone & injury",0.0
FREE FATTY ACIDS INCREASED,1,Other,0.0
FRIGOPHOBIA,1,Other,0.0
FRUCTOSAMINE INCREASED,1,Other,0.0
FULL BLOOD COUNT INCREASED,1,Other,0.0
FUNGAL DISEASE CARRIER,1,Other,0.0
FUNGAL RHINITIS,1,Other,0.0
FUNGAL TEST POSITIVE,1,Other,0.0
GALLBLADDER CANCER STAGE IV,1,Pancreas & gallbladder,0.0
GALLBLADDER HYPERFUNCTION,1,Pancreas & gallbladder,0.0
GALLBLADDER MUCOCOELE,1,Pancreas & gallbladder,0.0
GALLBLADDER VOLVULUS,1,Pancreas & gallbladder,0.0
GALLSTONE ILEUS,1,Gastrointestinal,0.0
GAMBLING,1,Other,0.0
GASTRIC ANTRAL VASCULAR ECTASIA,1,Gastrointestinal,0.0
GASTRIC ATONY,1,Gastrointestinal,0.0
GASTRIC CANCER STAGE IV,1,Gastrointestinal,0.0
GASTRIC DYSPLASIA,1,Gastrointestinal,0.0
GASTRIC HYPERMOTILITY,1,Gastrointestinal,0.0
GASTRIC ILEUS,1,Gastrointestinal,0.0
FRACTURE INFECTION,1,Infections & breathing,0.0
FRACTURE DELAYED UNION,1,"Muscle, bone & injury",0.0
FORESKIN OEDEMA,1,Skin & hair,0.0
FOETAL DISORDER,1,Other,0.0
FIXED BOWEL LOOP,1,Gastrointestinal,0.0
FLASHBACK,1,Other,0.0
FLAT CHEST,1,Heart & circulation,0.0
FLIGHT OF IDEAS,1,Other,0.0
FLOATING PATELLA,1,Other,0.0
FLUID INTAKE RESTRICTION,1,Weight & appetite,0.0
FOCAL PERITONITIS,1,Other,0.0
FOCAL SEGMENTAL GLOMERULOSCLEROSIS,1,Mental health & sleep,0.0
FOETAL DAMAGE,1,Other,0.0
FOETAL EXPOSURE VIA FATHER,1,"Dosing, device & product use",0.0
FOREIGN BODY IN MOUTH,1,Other,0.0
FOETAL HEART RATE INCREASED,1,Heart & circulation,0.0
FOETAL HYPOKINESIA,1,Other,0.0
FOETAL MONITORING ABNORMAL,1,Other,0.0
FOETAL VASCULAR MALPERFUSION,1,Other,0.0
FOETAL-MATERNAL HAEMORRHAGE,1,Other,0.0
FOLLICULAR DISORDER,1,Other,0.0
FORCED EXPIRATORY VOLUME DECREASED,1,Other,0.0
FOREARM FRACTURE,1,"Muscle, bone & injury",0.0
FOREIGN BODY ASPIRATION,1,Other,0.0
EXTERNAL EAR DISORDER,1,Other,0.0
EXSANGUINATION,1,Other,0.0
DOCUMENTED HYPERSENSITIVITY TO ADMINISTERED PRODUCT,1,Allergy,0.0
ENDOMETRIAL CANCER RECURRENT,1,Cancer & thyroid,0.0
ECZEMA VESICULAR,1,Other,0.0
EGFR STATUS ASSAY,1,Other,0.0
EJECTION FRACTION ABNORMAL,1,Other,0.0
ELECTRIC SHOCK,1,Other,0.0
ELECTROCARDIOGRAM CHANGE,1,Other,0.0
ELECTROCARDIOGRAM QRS COMPLEX PROLONGED,1,Other,0.0
ELECTROCARDIOGRAM REPOLARISATION ABNORMALITY,1,Other,0.0
ELECTROCARDIOGRAM ST SEGMENT ABNORMAL,1,Other,0.0
ELECTROCARDIOGRAM T WAVE ABNORMAL,1,Other,0.0
ELECTROENCEPHALOGRAM ABNORMAL,1,Other,0.0
ELECTROMYOGRAM ABNORMAL,1,Other,0.0
EMBOLIC CEREBRAL INFARCTION,1,Other,0.0
EMBOLISM ARTERIAL,1,Heart & circulation,0.0
EMETOPHOBIA,1,Other,0.0
EMPHYSEMATOUS PYELONEPHRITIS,1,Other,0.0
EMPYEMA,1,Other,0.0
ENCEPHALITIS HERPES,1,Infections & breathing,0.0
ENDOCARDITIS BACTERIAL,1,Other,0.0
ENDOCRINE NEOPLASM,1,Cancer & thyroid,0.0
ENDOMETRIAL ABLATION,1,Other,0.0
ENDOMETRIAL ATROPHY,1,Other,0.0
ECZEMA EYELIDS,1,Eye,0.0
ECTROPION,1,Other,0.0
ECG P WAVE INVERTED,1,Other,0.0
DRY GANGRENE,1,Other,0.0
DOUBLE OUTLET RIGHT VENTRICLE,1,Other,0.0
DREAMY STATE,1,Other,0.0
DRUG ADMINISTERED IN WRONG DEVICE,1,"Dosing, device & product use",0.0
DRUG DETOXIFICATION,1,Other,0.0
DRUG LEVEL ABOVE THERAPEUTIC,1,Other,0.0
DRUG METABOLISING ENZYME DECREASED,1,Other,0.0
DRUG SCREEN FALSE POSITIVE,1,Other,0.0
DRUG TITRATION,1,"Dosing, device & product use",0.0
DRUG-DISEASE INTERACTION,1,Other,0.0
DUODENAL OBSTRUCTION,1,Other,0.0
EARLY RETIREMENT,1,Other,0.0
DUODENAL POLYP,1,Other,0.0
DUODENAL SPHINCTEROTOMY,1,Other,0.0
DUPLICATE THERAPY ERROR,1,Other,0.0
DUPLICATE THERAPY ISSUE,1,Other,0.0
DYSACUSIS,1,Other,0.0
DYSPRAXIA,1,Other,0.0
EAR IRRIGATION,1,Other,0.0
EAR NEOPLASM MALIGNANT,1,Cancer & thyroid,0.0
"EAR, NOSE AND THROAT DISORDER",1,Infections & breathing,0.0
ENDOMETRIAL CANCER METASTATIC,1,Cancer & thyroid,0.0
ENDOMETRIAL CANCER STAGE I,1,Cancer & thyroid,0.0
EXPOSURE TO RADIATION,1,"Dosing, device & product use",0.0
ENDOMETRIAL DISORDER,1,Other,0.0
EPIGLOTTIS ULCER,1,Other,0.0
EPINEPHRINE ABNORMAL,1,Other,0.0
EPINEPHRINE INCREASED,1,Other,0.0
EPSTEIN-BARR VIRUS ANTIBODY,1,Other,0.0
EPSTEIN-BARR VIRUS INFECTION REACTIVATION,1,Infections & breathing,0.0
EPSTEIN-BARR VIRUS TEST POSITIVE,1,Other,0.0
ERYTHROPSIA,1,Other,0.0
ESCHAR,1,Other,0.0
EUSTACHIAN TUBE OBSTRUCTION,1,Other,0.0
EVANS SYNDROME,1,Other,0.0
EX-ALCOHOL USER,1,Other,0.0
EXAGGERATED STARTLE RESPONSE,1,Other,0.0
EXCESSIVE MASTURBATION,1,Other,0.0
EXECUTIVE DYSFUNCTION,1,Other,0.0
EXERCISE ADEQUATE,1,Other,0.0
EXERCISE ELECTROCARDIOGRAM ABNORMAL,1,Other,0.0
EXOCRINE PANCREATIC FUNCTION TEST ABNORMAL,1,Pancreas & gallbladder,0.0
EXOMPHALOS,1,Other,0.0
EXPIRED DEVICE USED,1,"Dosing, device & product use",0.0
EXPLORATORY OPERATION,1,Other,0.0
EXPOSURE TO HOUSEHOLD CHEMICALS,1,"Dosing, device & product use",0.0
EPIDURAL ANAESTHESIA,1,Other,0.0
EPIDERMOLYSIS,1,Other,0.0
EOSINOPHILIC MYOCARDITIS,1,Other,0.0
ENTERIC NEUROPATHY,1,Nervous system,0.0
ENDOMETRIAL HYPERPLASIA WITH CELLULAR ATYPIA,1,Other,0.0
ENDOMETRIAL HYPERTROPHY,1,Other,0.0
ENDOMETRIAL NEOPLASM,1,Cancer & thyroid,0.0
ENDOMETRIAL STROMAL SARCOMA,1,Other,0.0
ENDOMETRITIS BACTERIAL,1,Other,0.0
ENDOSCOPIC RETROGRADE CHOLANGIOPANCREATOGRAPHY,1,Pancreas & gallbladder,0.0
ENDOSCOPIC SLEEVE GASTROPLASTY,1,Gastrointestinal,0.0
ENDOTHELIAL DYSFUNCTION,1,Other,0.0
ENLARGED UVULA,1,Other,0.0
ENTEROBACTER INFECTION,1,Infections & breathing,0.0
EOSINOPHILIC COLITIS,1,Gastrointestinal,0.0
ENTEROCOCCAL BACTERAEMIA,1,Other,0.0
ENTEROCOCCUS TEST POSITIVE,1,Other,0.0
ENTEROCOLITIS INFECTIOUS,1,Gastrointestinal,0.0
ENTEROCOLONIC FISTULA,1,Gastrointestinal,0.0
ENTEROSTOMY,1,Other,0.0
ENTEROVESICAL FISTULA,1,Other,0.0
ENTROPION,1,Other,0.0
ENZYME LEVEL ABNORMAL,1,Other,0.0
EOSINOPHILIC CELLULITIS,1,Other,0.0
CEREBELLOPONTINE ANGLE TUMOUR,1,Cancer & thyroid,0.0
CEREBELLAR ATROPHY,1,Other,0.0
CENTRAL VENOUS CATHETERISATION,1,Other,0.0
ARRHYTHMOGENIC RIGHT VENTRICULAR DYSPLASIA,1,Other,0.0
ANTIBODY TEST POSITIVE,1,Other,0.0
ANTICONVULSANT DRUG LEVEL BELOW THERAPEUTIC,1,Other,0.0
ANTIPHOSPHOLIPID ANTIBODIES POSITIVE,1,Other,0.0
ANTISYNTHETASE SYNDROME,1,Other,0.0
ANXIETY DISORDER DUE TO A GENERAL MEDICAL CONDITION,1,Mental health & sleep,0.0
AORTIC ANEURYSM REPAIR,1,Other,0.0
AORTIC RESTENOSIS,1,Other,0.0
AORTIC SURGERY,1,Other,0.0
AORTIC VALVE SCLEROSIS,1,Other,0.0
APNOEA TEST ABNORMAL,1,Other,0.0
APOLIPOPROTEIN A-I ABNORMAL,1,Other,0.0
APPENDICEAL MUCINOUS NEOPLASM,1,Cancer & thyroid,0.0
APPENDIX ADENOMA,1,Other,0.0
APPLICATION SITE COLDNESS,1,Other,0.0
APPLICATION SITE HYPERSENSITIVITY,1,Allergy,0.0
APPLICATION SITE JOINT PAIN,1,"Muscle, bone & injury",0.0
APPLICATION SITE LACERATION,1,Other,0.0
APPLICATION SITE PAIN,1,"General (tiredness, pain)",0.0
APTYALISM,1,Other,0.0
ARACHNOID CYST,1,Other,0.0
ARNOLD-CHIARI MALFORMATION,1,Other,0.0
ANTIBODY TEST NEGATIVE,1,Other,0.0
ANTIBODY TEST ABNORMAL,1,Other,0.0
ANTIBIOTIC LEVEL BELOW THERAPEUTIC,1,Other,0.0
ANORECTAL POLYP,1,Gastrointestinal,0.0
ANGINAL EQUIVALENT,1,Other,0.0
ANGIOCARDIOGRAM,1,Other,0.0
ANGIOGRAM,1,Other,0.0
ANGIOGRAM PERIPHERAL,1,Other,0.0
ANGIOMYOLIPOMA,1,Other,0.0
ANKLE ARTHROPLASTY,1,"Muscle, bone & injury",0.0
ANKLE DEFORMITY,1,Other,0.0
ANKYLOGLOSSIA ACQUIRED,1,Other,0.0
ANOMALOUS PULMONARY VENOUS CONNECTION,1,Other,0.0
ANORECTAL SENSORY LOSS,1,Gastrointestinal,0.0
ANTIBIOTIC ASSOCIATED COLITIS,1,Gastrointestinal,0.0
ANOXIA,1,Other,0.0
ANTERIOR CUTANEOUS NERVE ENTRAPMENT SYNDROME,1,Other,0.0
ANTEROGRADE AMNESIA,1,Nervous system,0.0
ANTI-GAD ANTIBODY POSITIVE,1,Other,0.0
ANTI-GLOMERULAR BASEMENT MEMBRANE DISEASE,1,"Blood sugar, fluids & kidney",0.0
ANTI-MUELLERIAN HORMONE LEVEL DECREASED,1,Other,0.0
ANTI-REFLUX DEVICE REMOVAL,1,"Dosing, device & product use",0.0
ANTI-THYROID ANTIBODY,1,Cancer & thyroid,0.0
ANTIACETYLCHOLINE RECEPTOR ANTIBODY POSITIVE,1,Other,0.0
ARRHYTHMIC STORM,1,Other,0.0
ARTERIAL CATHETERISATION,1,Other,0.0
ANEURYSM REPAIR,1,Other,0.0
ARTERIAL HAEMORRHAGE,1,Other,0.0
AUTOIMMUNE INNER EAR DISEASE,1,Other,0.0
AUTOIMMUNE NEUROPATHY,1,Nervous system,0.0
AUTOIMMUNE THYROID DISORDER,1,Cancer & thyroid,0.0
AUTOIMMUNE VASCULITIS,1,Other,0.0
AUTOMATISM,1,Other,0.0
AUTOPHONY,1,Other,0.0
AVULSION FRACTURE,1,"Muscle, bone & injury",0.0
AXIAL SPONDYLOARTHRITIS,1,"Muscle, bone & injury",0.0
AXILLARY NERVE INJURY,1,"Muscle, bone & injury",0.0
AXONAL NEUROPATHY,1,Nervous system,0.0
B-CELL SMALL LYMPHOCYTIC LYMPHOMA,1,Cancer & thyroid,0.0
B-CELL TYPE ACUTE LEUKAEMIA,1,Other,0.0
BACTERIAL ABDOMINAL INFECTION,1,Gastrointestinal,0.0
BACTERIAL TEST,1,Other,0.0
BACTERIURIA,1,Other,0.0
BANKART LESION,1,Other,0.0
BARIATRIC GASTRIC BALLOON INSERTION,1,Gastrointestinal,0.0
BARIUM SWALLOW,1,Other,0.0
BARTHOLINITIS,1,Other,0.0
BASAL GANGLIA STROKE,1,Heart & circulation,0.0
BASEDOW'S DISEASE,1,Other,0.0
AUTOIMMUNE HYPOTHYROIDISM,1,Cancer & thyroid,0.0
AUTOIMMUNE ANAEMIA,1,Other,0.0
ATYPICAL MIGRAINE,1,Nervous system,0.0
ASPARTATE AMINOTRANSFERASE DECREASED,1,Liver,0.0
ARTERIAL STENT INSERTION,1,Other,0.0
ARTERIAL THERAPEUTIC PROCEDURE,1,Other,0.0
ARTERIOVENOUS FISTULA THROMBOSIS,1,Heart & circulation,0.0
ARTERIOVENOUS MALFORMATION,1,Other,0.0
ARTHRITIS REACTIVE,1,"Muscle, bone & injury",0.0
ARTHRODESIS,1,Other,0.0
ARTHROSCOPY,1,Other,0.0
ARTIFICIAL BLOOD VESSEL OCCLUSION,1,Other,0.0
ASOCIAL BEHAVIOUR,1,Other,0.0
ASPIRATION OF GASTRIC RESIDUAL,1,Gastrointestinal,0.0
ATYPICAL HAEMOLYTIC URAEMIC SYNDROME,1,Other,0.0
ASYMPTOMATIC BACTERIURIA,1,Other,0.0
ATHETOSIS,1,Other,0.0
ATHLETIC HEART SYNDROME,1,Heart & circulation,0.0
ATONIC URINARY BLADDER,1,Other,0.0
ATRIAL ENLARGEMENT,1,Heart & circulation,0.0
ATRIAL SEPTAL DEFECT REPAIR,1,Heart & circulation,0.0
ATRIAL THROMBOSIS,1,Heart & circulation,0.0
ATROPHIC VULVOVAGINITIS,1,Other,0.0
ATROPHY,1,Other,0.0
ANEURYSM RUPTURED,1,Other,0.0
ANEURYSM PERFORATION,1,Other,0.0
CENTRAL VENOUS CATHETER REMOVAL,1,Other,0.0
ADRENOCORTICOTROPIC HORMONE DEFICIENCY,1,Other,0.0
ACUTE LEFT VENTRICULAR FAILURE,1,Other,0.0
ACUTE MONOCYTIC LEUKAEMIA,1,Other,0.0
ACUTE MOTOR AXONAL NEUROPATHY,1,Nervous system,0.0
ACUTE MYELOMONOCYTIC LEUKAEMIA,1,Other,0.0
ACUTE OESOPHAGEAL MUCOSAL LESION,1,Gastrointestinal,0.0
ACUTE PROMYELOCYTIC LEUKAEMIA,1,Other,0.0
ACUTE PULMONARY OEDEMA,1,Other,0.0
ADENOCARCINOMA METASTATIC,1,Cancer & thyroid,0.0
ADENOIDAL HYPERTROPHY,1,Other,0.0
ADMINISTRATION RELATED REACTION,1,Other,0.0
ADMINISTRATION SITE ACNE,1,Other,0.0
ADMINISTRATION SITE DISCHARGE,1,Other,0.0
ADMINISTRATION SITE DISCOLOURATION,1,Other,0.0
ADMINISTRATION SITE IRRITATION,1,Other,0.0
ADMINISTRATION SITE MASS,1,Other,0.0
ADMINISTRATION SITE RASH,1,Skin & hair,0.0
ADMINISTRATION SITE WOUND,1,Other,0.0
ADNEXA UTERI CYST,1,Other,0.0
ADRENAL GLAND ABSCESS,1,"Blood sugar, fluids & kidney",0.0
ADRENAL GLAND CANCER,1,Cancer & thyroid,0.0
ADRENAL GLAND OPERATION,1,"Blood sugar, fluids & kidney",0.0
ACUTE INTERSTITIAL PNEUMONITIS,1,Other,0.0
ACUTE FEBRILE NEUTROPHILIC DERMATOSIS,1,Other,0.0
ACUTE CARDIAC EVENT,1,Heart & circulation,0.0
ACETONAEMIC VOMITING,1,Gastrointestinal,0.0
ABDOMINAL MIGRAINE,1,Gastrointestinal,0.0
ABDOMINAL WALL HAEMORRHAGE,1,Gastrointestinal,0.0
ABDOMINAL WALL INFECTION,1,Gastrointestinal,0.0
ABDOMINAL WALL NEOPLASM,1,Gastrointestinal,0.0
ABDOMINAL X-RAY,1,Gastrointestinal,0.0
ABERRANT AORTIC ARCH,1,Other,0.0
ABSCESS RUPTURE,1,Other,0.0
ACANTHOSIS,1,Other,0.0
ACCOMMODATION DISORDER,1,Other,0.0
ACID BASE BALANCE ABNORMAL,1,Nervous system,0.0
ACTIVATED PARTIAL THROMBOPLASTIN TIME SHORTENED,1,Other,0.0
ACID-BASE BALANCE DISORDER MIXED,1,Nervous system,0.0
ACINAR CELL CARCINOMA OF PANCREAS,1,Pancreas & gallbladder,0.0
ACNE PUSTULAR,1,Other,0.0
ACQUIRED CYSTIC KIDNEY DISEASE,1,"Blood sugar, fluids & kidney",0.0
ACQUIRED DIAPHRAGMATIC EVENTRATION,1,Other,0.0
ACQUIRED IMMUNODEFICIENCY SYNDROME,1,Other,0.0
ACROMEGALY,1,Other,0.0
ACTINIC ELASTOSIS,1,Other,0.0
ACTINIC KERATOSIS,1,Other,0.0
ADRENAL HAEMORRHAGE,1,"Blood sugar, fluids & kidney",0.0
ADVERSE EVENT FOLLOWING IMMUNISATION,1,Other,0.0
ANDROPAUSE,1,Other,0.0
AEROPHAGIA,1,Other,0.0
AMPULLARY POLYP,1,Other,0.0
AMUSIA,1,Other,0.0
ANAEMIA FOLATE DEFICIENCY,1,Other,0.0
ANAEMIA MACROCYTIC,1,Other,0.0
ANAEMIA MEGALOBLASTIC,1,Other,0.0
ANAEMIA NEONATAL,1,Other,0.0
ANAEMIA OF PREGNANCY,1,Other,0.0
ANAEMIA POSTOPERATIVE,1,Other,0.0
ANAESTHESIA ORAL,1,Other,0.0
ANAESTHESIA PROCEDURE,1,Other,0.0
ANAL CANCER RECURRENT,1,Cancer & thyroid,0.0
ANAL CYST,1,Other,0.0
ANAL FISSURE EXCISION,1,Other,0.0
ANAL FISSURE HAEMORRHAGE,1,Other,0.0
ANAL INFLAMMATION,1,"General (tiredness, pain)",0.0
ANAL SKIN TAGS,1,Skin & hair,0.0
ANAL SPASM,1,Other,0.0
ANAL SPHINCTEROTOMY,1,Other,0.0
ANAL SQUAMOUS CELL CARCINOMA,1,Cancer & thyroid,0.0
ANAMNESTIC REACTION,1,Other,0.0
ANASTOMOTIC LEAK,1,Other,0.0
AMPHETAMINES,1,Other,0.0
AMOEBIC DYSENTERY,1,Other,0.0
AMNIORRHOEA,1,Other,0.0
ALCOHOL WITHDRAWAL SYNDROME,1,Other,0.0
AGNOSIA,1,Other,0.0
AGRAPHIA,1,Other,0.0
AIR IN DEVICE ISSUE,1,"Dosing, device & product use",0.0
AIRWAY COMPLICATION OF ANAESTHESIA,1,Other,0.0
ALANINE AMINOTRANSFERASE DECREASED,1,Liver,0.0
ALBUMIN GLOBULIN RATIO ABNORMAL,1,Other,0.0
ALBUMIN URINE,1,Other,0.0
ALCOHOL PROBLEM,1,Other,0.0
ALCOHOL TEST POSITIVE,1,Other,0.0
ALCOHOLIC,1,Other,0.0
AMMONIURIA,1,Other,0.0
ALKALOSIS HYPOCHLORAEMIC,1,Other,0.0
ALLERGIC EOSINOPHILIA,1,Allergy,0.0
ALLERGIC OEDEMA,1,Allergy,0.0
ALLERGIC RESPIRATORY DISEASE,1,Allergy,0.0
ALLERGY TO SURGICAL SUTURES,1,Allergy,0.0
ALOPECIA SCARRING,1,Skin & hair,0.0
ALPHA 1 FOETOPROTEIN INCREASED,1,Other,0.0
ALVEOLAR OSTEITIS,1,Other,0.0
AMELOBLASTOMA,1,Other,0.0
BASILAR MIGRAINE,1,Nervous system,0.0
BASOPHIL COUNT INCREASED,1,Other,0.0
BED REST,1,Other,0.0
CARBOHYDRATE ANTIGEN 72-4,1,Other,0.0
BULLOUS ERYSIPELAS,1,Other,0.0
BULLOUS HAEMORRHAGIC DERMATOSIS,1,Other,0.0
BUNDLE BRANCH BLOCK,1,Other,0.0
BURKHOLDERIA CEPACIA COMPLEX INFECTION,1,Infections & breathing,0.0
BURN INFECTION,1,Infections & breathing,0.0
BURSA DISORDER,1,Other,0.0
BURSA REMOVAL,1,Other,0.0
BUTTOCK INJURY,1,"Muscle, bone & injury",0.0
CAECECTOMY,1,Other,0.0
CALCIPHYLAXIS,1,Other,0.0
CALR GENE MUTATION,1,Other,0.0
CAMPYLOBACTER TEST POSITIVE,1,Other,0.0
CANCER CELLS PRESENT,1,Cancer & thyroid,0.0
CANCER IN REMISSION,1,Cancer & thyroid,0.0
CANDIDA TEST POSITIVE,1,Other,0.0
CANTHOPLASTY,1,Other,0.0
CAPILLARY LEAK SYNDROME,1,Other,0.0
CAPILLARY NAIL REFILL TEST ABNORMAL,1,Other,0.0
CAPSULAR CONTRACTURE ASSOCIATED WITH BREAST IMPLANT,1,Other,0.0
CARBOHYDRATE ANTIGEN 125 INCREASED,1,Other,0.0
CARBOHYDRATE ANTIGEN 15-3 INCREASED,1,Other,0.0
BULBAR PALSY,1,Other,0.0
BRONCHOSCOPIC LUNG VOLUME REDUCTION,1,Infections & breathing,0.0
BRONCHOPULMONARY ASPERGILLOSIS,1,Infections & breathing,0.0
BREAST DISCOLOURATION,1,Other,0.0
BRAIN HERNIATION,1,Other,0.0
BRAIN MALFORMATION,1,Other,0.0
BRAIN NEOPLASM BENIGN,1,Cancer & thyroid,0.0
BRAIN STEM INFARCTION,1,Other,0.0
BRAIN STEM STROKE,1,Heart & circulation,0.0
BRASH SYNDROME,1,Skin & hair,0.0
BRCA1 GENE MUTATION,1,Other,0.0
BREAST CELLULITIS,1,Other,0.0
BREAST CONSERVING SURGERY,1,Other,0.0
BREAST DISORDER FEMALE,1,Other,0.0
BRONCHITIS VIRAL,1,Infections & breathing,0.0
BREAST ENGORGEMENT,1,Other,0.0
BREAST HAEMATOMA,1,Other,0.0
BREAST INFLAMMATION,1,"General (tiredness, pain)",0.0
BREAST INJURY,1,"Muscle, bone & injury",0.0
BRONCHIAL HYPERREACTIVITY,1,Infections & breathing,0.0
BRONCHIAL OBSTRUCTION,1,Infections & breathing,0.0
BRONCHIAL SECRETION RETENTION,1,Infections & breathing,0.0
BRONCHIAL VARICES,1,Infections & breathing,0.0
BRONCHITIS CHEMICAL,1,Infections & breathing,0.0
CARBOHYDRATE ANTIGEN 242 INCREASED,1,Other,0.0
CARBOHYDRATE METABOLISM DISORDER,1,Other,0.0
BENIGN BONE NEOPLASM,1,Cancer & thyroid,0.0
CARBON DIOXIDE INCREASED,1,Other,0.0
CARNITINE DECREASED,1,Other,0.0
CAROTID ARTERY BYPASS,1,Other,0.0
CAROTID PULSE ABNORMAL,1,Other,0.0
CAROTID SINUS SYNDROME,1,Other,0.0
CARTILAGE ATROPHY,1,Other,0.0
CASTLEMAN'S DISEASE,1,Other,0.0
CATARACT TRAUMATIC,1,Eye,0.0
CATASTROPHIC REACTION,1,Other,0.0
CATHETER REMOVAL,1,Other,0.0
CATHETER SITE BRUISE,1,Other,0.0
CATHETER SITE DISCHARGE,1,Other,0.0
CATHETER SITE ERYTHEMA,1,Skin & hair,0.0
CATHETER SITE HAEMORRHAGE,1,Other,0.0
CATHETER SITE THROMBOSIS,1,Heart & circulation,0.0
CD20 ANTIGEN POSITIVE,1,Other,0.0
CD4 LYMPHOCYTES DECREASED,1,Other,0.0
CELLULITIS OF MALE EXTERNAL GENITAL ORGAN,1,Other,0.0
CELLULITIS ORBITAL,1,Other,0.0
CENTRAL NERVOUS SYSTEM INFLAMMATION,1,"General (tiredness, pain)",0.0
CENTRAL NERVOUS SYSTEM STIMULATION,1,Other,0.0
CENTRAL NERVOUS SYSTEM VASCULITIS,1,Other,0.0
CARDIORENAL SYNDROME,1,"Blood sugar, fluids & kidney",0.0
CARDIOPULMONARY FAILURE,1,Other,0.0
CARDIOPULMONARY EXERCISE TEST ABNORMAL,1,Other,0.0
CARDIAC FUNCTION TEST ABNORMAL,1,Heart & circulation,0.0
CARBON MONOXIDE POISONING,1,Other,0.0
CARCINOEMBRYONIC ANTIGEN INCREASED,1,Other,0.0
CARCINOID SYNDROME,1,Other,0.0
CARCINOID TUMOUR OF THE PANCREAS,1,Pancreas & gallbladder,0.0
CARCINOMA IN SITU,1,Cancer & thyroid,0.0
CARDIAC AUTONOMIC NEUROPATHY,1,Heart & circulation,0.0
CARDIAC CONTRACTILITY MODULATION THERAPY,1,Heart & circulation,0.0
CARDIAC CONTUSION,1,Heart & circulation,0.0
CARDIAC DEATH,1,"Outcome words (death, hospital)",0.0
CARDIAC HYPERTROPHY,1,Heart & circulation,0.0
CARDIAC VALVE VEGETATION,1,Heart & circulation,0.0
CARDIAC INFECTION,1,Infections & breathing,0.0
CARDIAC NEOPLASM UNSPECIFIED,1,Cancer & thyroid,0.0
CARDIAC PACEMAKER ADJUSTMENT,1,Heart & circulation,0.0
CARDIAC PACEMAKER REMOVAL,1,Heart & circulation,0.0
CARDIAC PROCEDURE COMPLICATION,1,Heart & circulation,0.0
CARDIAC SARCOIDOSIS,1,Heart & circulation,0.0
CARDIAC SEPTAL DEFECT,1,Heart & circulation,0.0
CARDIAC SEPTAL HYPERTROPHY,1,Heart & circulation,0.0
CARDIAC STRESS TEST,1,Heart & circulation,0.0
BRAIN COMPRESSION,1,Other,0.0
BRAIN ABSCESS,1,Other,0.0
BRADYPNOEA,1,Other,0.0
BRADYCARDIA NEONATAL,1,Heart & circulation,0.0
BIOPSY LUNG,1,Other,0.0
BIOPSY MUSCLE,1,"Muscle, bone & injury",0.0
BIOPSY PROSTATE,1,Other,0.0
BIOTIN DEFICIENCY,1,Other,0.0
BLADDER CATHETERISATION,1,Other,0.0
BLADDER LEUKOPLAKIA,1,Other,0.0
BLADDER MASS,1,Other,0.0
BLADDER NECK OPERATION,1,Other,0.0
BLADDER NEOPLASM SURGERY,1,Cancer & thyroid,0.0
BLADDER OBSTRUCTION,1,Other,0.0
BLADDER POLYPECTOMY,1,Other,0.0
BLADDER REPAIR,1,Other,0.0
BLADDER SPASM,1,Other,0.0
BLAST INJURY,1,"Muscle, bone & injury",0.0
BLASTOMYCOSIS,1,Other,0.0
BLEEDING TIME PROLONGED,1,Other,0.0
BLOOD ALCOHOL DECREASED,1,Other,0.0
BLOOD ANTIDIURETIC HORMONE INCREASED,1,Other,0.0
BLOOD ARSENIC INCREASED,1,Other,0.0
BLOOD BICARBONATE ABNORMAL,1,Other,0.0
BLOOD BILIRUBIN DECREASED,1,Liver,0.0
BIOPSY LIVER,1,Liver,0.0
BIOPSY KIDNEY ABNORMAL,1,"Blood sugar, fluids & kidney",0.0
BIOPSY CHEST WALL,1,Heart & circulation,0.0
BILE ACIDS ABNORMAL,1,Other,0.0
BENIGN FAMILIAL HAEMATURIA,1,Other,0.0
BENIGN FASCICULATION SYNDROME,1,Other,0.0
BENIGN LYMPH NODE NEOPLASM,1,Cancer & thyroid,0.0
BENIGN SALIVARY GLAND NEOPLASM,1,Cancer & thyroid,0.0
BENIGN UTERINE NEOPLASM,1,Cancer & thyroid,0.0
BENIGN VAGINAL NEOPLASM,1,Cancer & thyroid,0.0
BENIGN VULVAL NEOPLASM,1,Cancer & thyroid,0.0
BETA 2 MICROGLOBULIN INCREASED,1,Other,0.0
BILE ACIDS,1,Other,0.0
BILE ACIDS DECREASED,1,Other,0.0
BIOPSY BLADDER,1,Other,0.0
BILE OUTPUT ABNORMAL,1,Other,0.0
BILIARY ABSCESS,1,Pancreas & gallbladder,0.0
BILIARY ASCITES,1,Pancreas & gallbladder,0.0
BILIARY CIRRHOSIS,1,Pancreas & gallbladder,0.0
BILIARY CYST,1,Pancreas & gallbladder,0.0
BILIARY FIBROSIS,1,Pancreas & gallbladder,0.0
BILIARY FISTULA,1,Pancreas & gallbladder,0.0
BILIRUBINURIA,1,Liver,0.0
BILOMA,1,Other,0.0
BLOOD BRAIN BARRIER DEFECT,1,Other,0.0
BLOOD CANNABINOIDS INCREASED,1,Other,0.0
BLOOD CATECHOLAMINES DECREASED,1,Other,0.0
BONE GRAFT,1,Other,0.0
BLOOD UREA NITROGEN/CREATININE RATIO DECREASED,1,"Blood sugar, fluids & kidney",0.0
BLOOD URIC ACID DECREASED,1,Other,0.0
BLOOD VISCOSITY ABNORMAL,1,Other,0.0
BLOOD ZINC,1,Other,0.0
BLOOD ZINC INCREASED,1,Other,0.0
BODY MASS INDEX,1,Other,0.0
BONE CRISIS,1,Other,0.0
BONE DEMINERALISATION,1,Other,0.0
BONE EROSION,1,Other,0.0
BONE MARROW NECROSIS,1,Other,0.0
BLOOD TESTOSTERONE FREE ABNORMAL,1,Other,0.0
BONE MARROW OEDEMA SYNDROME,1,Other,0.0
BONE SWELLING,1,"General (tiredness, pain)",0.0
BORDERLINE MUCINOUS TUMOUR OF OVARY,1,Cancer & thyroid,0.0
BOTULINUM TOXIN INJECTION,1,Other,0.0
BOWEL OBSTRUCTION SURGERY,1,Gastrointestinal,0.0
BOWEL PREPARATION,1,Gastrointestinal,0.0
BRACHIAL PLEXOPATHY,1,Other,0.0
BRACHYDACTYLY,1,Other,0.0
BRACHYTHERAPY TO PROSTATE,1,Other,0.0
BLOOD TESTOSTERONE FREE INCREASED,1,Other,0.0
BLOOD PRESSURE ORTHOSTATIC DECREASED,1,Heart & circulation,0.0
BLOOD COPPER INCREASED,1,Other,0.0
BLOOD LACTATE DEHYDROGENASE ABNORMAL,1,Other,0.0
BLOOD CREATINE PHOSPHOKINASE DECREASED,1,Other,0.0
BLOOD CREATINE PHOSPHOKINASE MB INCREASED,1,Other,0.0
BLOOD FOLATE INCREASED,1,Other,0.0
BLOOD GASES ABNORMAL,1,Other,0.0
BLOOD GASTRIN INCREASED,1,Gastrointestinal,0.0
BLOOD HOMOCYSTEINE INCREASED,1,Other,0.0
BLOOD IMMUNOGLOBULIN A DECREASED,1,Other,0.0
BLOOD IMMUNOGLOBULIN G DECREASED,1,Other,0.0
BLOOD IMMUNOGLOBULIN M INCREASED,1,Other,0.0
BLOOD LACTIC ACID,1,Other,0.0
BLOOD PRESSURE ORTHOSTATIC,1,Heart & circulation,0.0
BLOOD LUTEINISING HORMONE INCREASED,1,Other,0.0
BLOOD OSMOLARITY DECREASED,1,Other,0.0
BLOOD PARATHYROID HORMONE ABNORMAL,1,Cancer & thyroid,0.0
BLOOD PH ABNORMAL,1,Other,0.0
BLOOD PH DECREASED,1,Other,0.0
BLOOD PHOSPHORUS ABNORMAL,1,Other,0.0
BLOOD PRESSURE AMBULATORY DECREASED,1,Heart & circulation,0.0
BLOOD PRESSURE MANAGEMENT,1,Heart & circulation,0.0
BLOOD PRESSURE MEASUREMENT,1,Heart & circulation,0.0
GASTRIC NEUROENDOCRINE CARCINOMA,1,Gastrointestinal,0.0
GASTRITIS VIRAL,1,Gastrointestinal,0.0
PRODUCT DOSAGE FORM CONFUSION,1,"Dosing, device & product use",0.0
NOCTURNAL FEAR,1,Other,0.0
NEPHROGENIC DIABETES INSIPIDUS,1,"Blood sugar, fluids & kidney",0.0
NEPHROPTOSIS,1,"Blood sugar, fluids & kidney",0.0
NEPHROSTOMY,1,"Blood sugar, fluids & kidney",0.0
NERVE STIMULATION TEST ABNORMAL,1,Other,0.0
NESIDIOBLASTOSIS,1,Other,0.0
NEURAL TUBE DEFECT,1,Other,0.0
NEURECTOMY,1,Other,0.0
NEURITIC PLAQUES,1,Other,0.0
NEURITIS CRANIAL,1,Other,0.0
NEUROCYSTICERCOSIS,1,Other,0.0
NEURODEGENERATIVE DISORDER,1,Other,0.0
NEUROENDOCRINE TUMOUR METASTATIC,1,Cancer & thyroid,0.0
NEUROGLYCOPENIA,1,Other,0.0
NEUROPATHIC PRURITUS,1,Skin & hair,0.0
NEUROPSYCHIATRIC SYNDROME,1,Other,0.0
NEUROSURGERY,1,Other,0.0
NEUTROPHILIC DERMATOSIS,1,Other,0.0
NEW DAILY PERSISTENT HEADACHE,1,Nervous system,0.0
NICOTINAMIDE DECREASED,1,Other,0.0
NICOTINIC ACID DEFICIENCY,1,Other,0.0
NIPPLE EXUDATE BLOODY,1,Other,0.0
NEPHROGENIC ANAEMIA,1,"Blood sugar, fluids & kidney",0.0
NEPHRECTASIA,1,Other,0.0
NEOPLASM RECURRENCE,1,Cancer & thyroid,0.0
NECROSIS ISCHAEMIC,1,Other,0.0
NASAL INFLAMMATION,1,"General (tiredness, pain)",0.0
NASAL SEPTUM PERFORATION,1,Other,0.0
NASAL SINUS CANCER,1,Cancer & thyroid,0.0
NASAL TURBINATE ABNORMALITY,1,Other,0.0
NASAL VALVE COLLAPSE,1,Other,0.0
NASAL VALVE SURGERY,1,Other,0.0
NASOENDOSCOPY,1,Other,0.0
NASOPHARYNGEAL CANCER,1,Cancer & thyroid,0.0
NEAR DROWNING,1,Other,0.0
NECROTISING PANNICULITIS,1,Other,0.0
NEOPLASM OF THYMUS,1,Cancer & thyroid,0.0
NEONATAL ASPHYXIA,1,Other,0.0
NEONATAL ASPIRATION,1,Other,0.0
NEONATAL HYPERGLYCAEMIA,1,"Blood sugar, fluids & kidney",0.0
NEONATAL HYPOACUSIS,1,Nervous system,0.0
NEONATAL HYPOXIA,1,Other,0.0
NEONATAL PNEUMOTHORAX,1,Other,0.0
NEONATAL RESPIRATORY DISTRESS,1,Infections & breathing,0.0
NEONATAL RESPIRATORY DISTRESS SYNDROME,1,Infections & breathing,0.0
NEONATAL SEIZURE,1,Nervous system,0.0
NIPPLE SWELLING,1,"General (tiredness, pain)",0.0
NON-PITTING OEDEMA,1,Other,0.0
NASAL CYST,1,Other,0.0
NON-SMALL CELL LUNG CANCER STAGE II,1,Cancer & thyroid,0.0
ONYCHOMALACIA,1,Other,0.0
OOPHORITIS,1,Other,0.0
OPEN ANGLE GLAUCOMA,1,Other,0.0
OPEN FRACTURE,1,"Muscle, bone & injury",0.0
OPHTHALMOLOGICAL EXAMINATION ABNORMAL,1,Other,0.0
OPIATES POSITIVE,1,Other,0.0
OPTIC DISC VASCULAR DISORDER,1,Eye,0.0
OPTIC DISCS BLURRED,1,Eye,0.0
OPTIC NERVE COMPRESSION,1,Eye,0.0
OPTIC NERVE NEOPLASM,1,Cancer & thyroid,0.0
ORAL ALLERGY SYNDROME,1,Allergy,0.0
ORAL CONTUSION,1,"Muscle, bone & injury",0.0
ORAL HAEMANGIOMA,1,Other,0.0
ORAL MUCOSAL ROUGHENING,1,Other,0.0
ORAL NEOPLASM BENIGN,1,Cancer & thyroid,0.0
ORAL PAPILLOMA,1,Other,0.0
ORAL PUSTULE,1,Other,0.0
ORBITAL DECOMPRESSION,1,Other,0.0
ORBITAL OEDEMA,1,Other,0.0
ORGANIC ERECTILE DYSFUNCTION,1,Other,0.0
ORONASAL FISTULA,1,Other,0.0
ONYCHALGIA,1,Other,0.0
OMENTAL OEDEMA,1,Mental health & sleep,0.0
OLIGOARTHRITIS,1,"Muscle, bone & injury",0.0
OCULAR RETROBULBAR HAEMORRHAGE,1,Other,0.0
NONINFECTIVE CHORIORETINITIS,1,Eye,0.0
NOONAN SYNDROME,1,Other,0.0
OBSESSIVE-COMPULSIVE PERSONALITY DISORDER,1,Other,0.0
OCCIPITAL LOBE STROKE,1,Heart & circulation,0.0
OCCULT BLOOD,1,Other,0.0
OCCUPATIONAL EXPOSURE TO AIR CONTAMINANTS,1,"Dosing, device & product use",0.0
OCULAR ISCHAEMIC SYNDROME,1,Other,0.0
OCULAR LYMPHOMA,1,Cancer & thyroid,0.0
OCULAR PROCEDURAL COMPLICATION,1,Other,0.0
OCULAR VASCULITIS,1,Other,0.0
OLFACTORY DYSFUNCTION,1,Other,0.0
OCULOGYRIC CRISIS,1,Other,0.0
OESOPHAGEAL MASS,1,Gastrointestinal,0.0
OESOPHAGEAL OEDEMA,1,Gastrointestinal,0.0
OESOPHAGEAL POLYP,1,Gastrointestinal,0.0
OESOPHAGEAL WALL HYPERTROPHY,1,Gastrointestinal,0.0
OESOPHAGITIS CHEMICAL,1,Gastrointestinal,0.0
OESOPHAGITIS HAEMORRHAGIC,1,Gastrointestinal,0.0
OESOPHAGOGASTRIC FUNDOPLASTY,1,Gastrointestinal,0.0
OESTRADIOL INCREASED,1,Other,0.0
NASAL DISCHARGE DISCOLOURATION,1,Other,0.0
NASAL CAVITY MASS,1,Other,0.0
ORTHODONTIC PROCEDURE,1,Other,0.0
MIXED CONNECTIVE TISSUE DISEASE,1,Other,0.0
MESENTERIC NEOPLASM,1,Cancer & thyroid,0.0
MESENTERIC VASCULAR INSUFFICIENCY,1,Other,0.0
MESENTERIC VASCULAR OCCLUSION,1,Other,0.0
METABOLIC FUNCTION TEST,1,Other,0.0
METABOLIC MYOPATHY,1,Other,0.0
METAPNEUMOVIRUS PNEUMONIA,1,Infections & breathing,0.0
METASTASES TO ABDOMINAL WALL,1,Gastrointestinal,0.0
METASTASES TO BLADDER,1,Other,0.0
METASTASES TO EYE,1,Eye,0.0
METASTASES TO GASTROINTESTINAL TRACT,1,Gastrointestinal,0.0
METASTASES TO HEART,1,Heart & circulation,0.0
METASTATIC UTERINE CANCER,1,Cancer & thyroid,0.0
MICROANGIOPATHY,1,Other,0.0
MICROCOCCUS INFECTION,1,Infections & breathing,0.0
MICROGRAPHIC SKIN SURGERY,1,Skin & hair,0.0
MICROSLEEP,1,Mental health & sleep,0.0
MIDDLE LOBE SYNDROME,1,Other,0.0
MILK-ALKALI SYNDROME,1,Other,0.0
MITRAL VALVE ATRESIA,1,Other,0.0
MITRAL VALVE CALCIFICATION,1,Other,0.0
MITRAL VALVE SCLEROSIS,1,Other,0.0
MESENTERIC CYST,1,Other,0.0
MESENTERIC ARTERY EMBOLISM,1,Heart & circulation,0.0
MESENTERIC ARTERY ANEURYSM,1,Other,0.0
MEDICAL DEVICE PAIN,1,"Dosing, device & product use",0.0
MEAN CELL HAEMOGLOBIN CONCENTRATION INCREASED,1,Other,0.0
MEAN CELL HAEMOGLOBIN DECREASED,1,Other,0.0
MEAN CELL VOLUME ABNORMAL,1,Other,0.0
MEAN CELL VOLUME DECREASED,1,Other,0.0
MEAN CELL VOLUME INCREASED,1,Other,0.0
MEASLES,1,Other,0.0
MECONIUM ASPIRATION SYNDROME,1,Other,0.0
MEDICAL DEVICE ADJUSTMENT,1,"Dosing, device & product use",0.0
MEDICAL DEVICE CHANGE,1,"Dosing, device & product use",0.0
MEDICAL DEVICE SITE BRUISE,1,"Dosing, device & product use",0.0
MESENTERIC ARTERIAL OCCLUSION,1,Other,0.0
MEDICAL DEVICE SITE INFECTION,1,"Dosing, device & product use",0.0
MEDICAL DEVICE SITE IRRITATION,1,"Dosing, device & product use",0.0
MEDICAL DIET,1,Other,0.0
MENINGISM,1,Other,0.0
MENINGITIS BACTERIAL,1,Other,0.0
MENINGITIS PNEUMOCOCCAL,1,Other,0.0
MENINGOMYELOCELE,1,Other,0.0
MENISCOPATHY,1,Other,0.0
MENOPAUSE DELAYED,1,Other,0.0
MITRAL VALVE STENOSIS,1,Other,0.0
MIXED OBSTRUCTIVE AND RESTRICTIVE LUNG DISEASE,1,Other,0.0
NASAL CAVITY CANCER,1,Cancer & thyroid,0.0
MODEL FOR END STAGE LIVER DISEASE SCORE ABNORMAL,1,Liver,0.0
MYCOPLASMA INFECTION,1,Infections & breathing,0.0
MYELIN OLIGODENDROCYTE GLYCOPROTEIN ANTIBODY-ASSOCIATED DISEASE,1,Other,0.0
MYELODYSPLASTIC SYNDROME WITH EXCESS BLASTS,1,Other,0.0
MYELOFIBROSIS,1,Other,0.0
MYELOPROLIFERATIVE NEOPLASM,1,Cancer & thyroid,0.0
MYOCARDIAC ABSCESS,1,Heart & circulation,0.0
MYOCARDIAL HAEMORRHAGE,1,Heart & circulation,0.0
MYOCARDIAL STRAIN IMAGING ABNORMAL,1,Heart & circulation,0.0
MYOFASCITIS,1,Other,0.0
MYOPATHY TOXIC,1,Other,0.0
MYOPERICARDITIS,1,Other,0.0
MYOPLASTY,1,Other,0.0
MYOSCLEROSIS,1,Other,0.0
MYOTONIC DYSTROPHY,1,Other,0.0
MYRINGITIS,1,Other,0.0
MYXOEDEMA,1,Other,0.0
N-TERMINAL PROHORMONE BRAIN NATRIURETIC PEPTIDE ABNORMAL,1,Other,0.0
NAIL BED DISORDER,1,Other,0.0
NAIL DEFORMATION,1,Other,0.0
NAIL INFECTION,1,Infections & breathing,0.0
NAIL OPERATION,1,Other,0.0
MYCOBACTERIUM AVIUM COMPLEX INFECTION,1,Infections & breathing,0.0
MYALGIA INTERCOSTAL,1,"Muscle, bone & injury",0.0
MUSICAL EAR SYNDROME,1,Other,0.0
MUCOSAL HYPERTROPHY,1,Other,0.0
MOLE EXCISION,1,Other,0.0
MONOCULAR VISION,1,Eye,0.0
MONOCYTE COUNT DECREASED,1,Other,0.0
MONOCYTOPENIA,1,Other,0.0
MONONEURITIS,1,Other,0.0
MORPHOEA,1,Other,0.0
MPL GENE MUTATION,1,Other,0.0
MUCOCUTANEOUS HAEMORRHAGE,1,Other,0.0
MUCOSAL HAEMORRHAGE,1,Other,0.0
MUCOSAL INFLAMMATION,1,"General (tiredness, pain)",0.0
MUSCULOSKELETAL PROCEDURAL COMPLICATION,1,"Muscle, bone & injury",0.0
MUCOSAL IRRITATION,1,Other,0.0
MUCOSAL ULCERATION,1,Other,0.0
MUCOUS MEMBRANE PEMPHIGOID,1,Other,0.0
MULTIPLE ENDOCRINE NEOPLASIA TYPE 2A,1,Other,0.0
MUMPS,1,Other,0.0
MURPHY'S SIGN POSITIVE,1,Other,0.0
MUSCLE FLAP OPERATION,1,"Muscle, bone & injury",0.0
MUSCLE TENSION DYSPHONIA,1,"Muscle, bone & injury",0.0
MUSCLE TONE DISORDER,1,"Muscle, bone & injury",0.0
OROPHARYNGEAL ERYTHEMA,1,Skin & hair,0.0
ORTHOSIS USER,1,Other,0.0
GASTROENTERITIS EOSINOPHILIC,1,Gastrointestinal,0.0
POST INFLAMMATORY PIGMENTATION CHANGE,1,Other,0.0
PLEURAL MESOTHELIOMA MALIGNANT,1,Cancer & thyroid,0.0
PNEUMOCEPHALUS,1,Other,0.0
PNEUMOCOCCAL INFECTION,1,Infections & breathing,0.0
PNEUMONIA FUNGAL,1,Infections & breathing,0.0
PNEUMONIA KLEBSIELLA,1,Infections & breathing,0.0
PNEUMONIA MORAXELLA,1,Infections & breathing,0.0
PNEUMONIA NECROTISING,1,Infections & breathing,0.0
PNEUMONIA STREPTOCOCCAL,1,Infections & breathing,0.0
PNEUMORETROPERITONEUM,1,Other,0.0
POLYARTERITIS NODOSA,1,Other,0.0
POLYDACTYLY,1,Other,0.0
POLYGLANDULAR DISORDER,1,Other,0.0
POLYMENORRHAGIA,1,Other,0.0
POLYNEUROPATHY CHRONIC,1,Nervous system,0.0
POLYRADICULONEUROPATHY,1,Nervous system,0.0
POOR PERSONAL HYGIENE,1,Other,0.0
POOR VENOUS ACCESS,1,Other,0.0
PORPHYRIA,1,Other,0.0
PORTOSPLENOMESENTERIC VENOUS THROMBOSIS,1,Heart & circulation,0.0
POSITRON EMISSION TOMOGRAM ABNORMAL,1,Other,0.0
POST ANGIOPLASTY RESTENOSIS,1,Other,0.0
PLASTIC SURGERY TO THE FACE,1,Other,0.0
PLASMAPHERESIS,1,Other,0.0
PLANTAR FASCIAL FIBROMATOSIS,1,Other,0.0
PHILADELPHIA CHROMOSOME POSITIVE,1,Other,0.0
PERSECUTORY DELUSION,1,Other,0.0
PH BODY FLUID ABNORMAL,1,Other,0.0
PH URINE ABNORMAL,1,Other,0.0
PH URINE DECREASED,1,Other,0.0
PHANTOM SHOCKS,1,Other,0.0
PHARMACOPHOBIA,1,Other,0.0
PHARYNGEAL CYST,1,Other,0.0
PHARYNGECTOMY,1,Other,0.0
PHARYNGO-OESOPHAGEAL DIVERTICULUM,1,Gastrointestinal,0.0
PHOTOKERATITIS,1,Other,0.0
PLACENTAL DISORDER,1,Other,0.0
PHYSICAL ABUSE,1,Other,0.0
PIERCING ASSOCIATED COMPLICATION,1,Other,0.0
PILONIDAL DISEASE,1,Other,0.0
PINGUECULA,1,Other,0.0
PITUITARY ENLARGEMENT,1,Other,0.0
PITUITARY HAEMORRHAGE,1,Other,0.0
PITUITARY TUMOUR RECURRENT,1,Cancer & thyroid,0.0
PITYRIASIS LICHENOIDES ET VARIOLIFORMIS ACUTA,1,Other,0.0
PITYRIASIS RUBRA PILARIS,1,Other,0.0
POST CARDIAC ARREST SYNDROME,1,Heart & circulation,0.0
POST PROCEDURAL DRAINAGE,1,Other,0.0
PERITONEAL LESION,1,Other,0.0
POST PROCEDURAL FEVER,1,Other,0.0
PRENATAL SCREENING TEST ABNORMAL,1,Other,0.0
PREPUCE REDUNDANT,1,Other,0.0
PRESBYACUSIS,1,Other,0.0
PRIAPISM,1,Other,0.0
PRIMARY FAMILIAL BRAIN CALCIFICATION,1,Other,0.0
PRIMARY HEADACHE ASSOCIATED WITH SEXUAL ACTIVITY,1,Nervous system,0.0
PRIMARY HYPOPARATHYROIDISM,1,Cancer & thyroid,0.0
PRIMARY HYPOTHYROIDISM,1,Cancer & thyroid,0.0
PRINZMETAL ANGINA,1,Other,0.0
PROCEDURAL HEADACHE,1,Nervous system,0.0
PROCEDURAL INTESTINAL PERFORATION,1,Gastrointestinal,0.0
PROCEDURAL PNEUMOTHORAX,1,Other,0.0
PROCEDURE ABORTED,1,Other,0.0
PROCTECTOMY,1,Other,0.0
PRODUCT ADMINISTERED BY WRONG PERSON,1,"Dosing, device & product use",0.0
PRODUCT ADMINISTERED IN INAPPROPRIATE SETTING,1,"Dosing, device & product use",0.0
PRODUCT ADMINISTRATION ISSUE,1,"Dosing, device & product use",0.0
PRODUCT BLISTER PACKAGING ISSUE,1,"Dosing, device & product use",0.0
PRODUCT COMMINGLING,1,"Dosing, device & product use",0.0
PRODUCT DEPOSIT,1,"Dosing, device & product use",0.0
PRODUCT DISPENSED BY UNAUTHORISED PROVIDER,1,"Dosing, device & product use",0.0
PREMATURE LABOUR,1,Other,0.0
PREGNANCY WITH INJECTABLE CONTRACEPTIVE,1,Other,0.0
PREGNANCY TEST POSITIVE,1,Other,0.0
POST-TRAUMATIC PAIN,1,"General (tiredness, pain)",0.0
POST PROCEDURAL HYPOTHYROIDISM,1,Cancer & thyroid,0.0
POST PROCEDURAL OEDEMA,1,Other,0.0
POST PROCEDURAL PNEUMONIA,1,Infections & breathing,0.0
POST PROCEDURAL PULMONARY EMBOLISM,1,Heart & circulation,0.0
POST STREPTOCOCCAL GLOMERULONEPHRITIS,1,Other,0.0
POST STROKE SEIZURE,1,Heart & circulation,0.0
POST-INJECTION DELIRIUM SEDATION SYNDROME,1,Other,0.0
POST-TRAUMATIC HEADACHE,1,Nervous system,0.0
POST-TRAUMATIC NECK SYNDROME,1,Other,0.0
POSTICTAL STATE,1,Other,0.0
PREGNANCY AFTER POST COITAL CONTRACEPTION,1,Other,0.0
POSTMENOPAUSE,1,Other,0.0
POSTOPERATIVE ADHESION,1,Other,0.0
POSTOPERATIVE RESPIRATORY FAILURE,1,Infections & breathing,0.0
POSTPARTUM STRESS DISORDER,1,Mental health & sleep,0.0
POSTPRANDIAL HYPOTENSION,1,Heart & circulation,0.0
POSTURING,1,Other,0.0
POTTER'S SYNDROME,1,Other,0.0
PREALBUMIN DECREASED,1,Other,0.0
PRECANCEROUS LESION OF DIGESTIVE TRACT,1,Cancer & thyroid,0.0
PERIVASCULAR EPITHELIOID CELL TUMOUR,1,Cancer & thyroid,0.0
PERITONEAL DISORDER,1,Other,0.0
ORTHOSTATIC TACHYCARDIA,1,Heart & circulation,0.0
PARANASAL SINUS INJURY,1,"Muscle, bone & injury",0.0
PALINDROMIC RHEUMATISM,1,Other,0.0
PALMAR-PLANTAR ERYTHRODYSAESTHESIA SYNDROME,1,Other,0.0
PALMOPLANTAR KERATODERMA,1,Other,0.0
PANCREAS DIVISUM,1,Pancreas & gallbladder,0.0
PANCREASTATIN ABNORMAL,1,Pancreas & gallbladder,0.0
PANCREATIC ABSCESS,1,Pancreas & gallbladder,0.0
PANCREATIC CARCINOMA STAGE II,1,Pancreas & gallbladder,0.0
PANCREATIC CARCINOMA STAGE III,1,Pancreas & gallbladder,0.0
PANCREATIC CYST RUPTURE,1,Pancreas & gallbladder,0.0
PANCREATIC ENZYMES,1,Pancreas & gallbladder,0.0
PANCREATIC LEAK,1,Pancreas & gallbladder,0.0
PANCREATIC POLYPEPTIDE LEVEL INCREASED,1,Pancreas & gallbladder,0.0
PANCREATIC PSEUDOANEURYSM,1,Pancreas & gallbladder,0.0
PANCREATIC SARCOMA,1,Pancreas & gallbladder,0.0
PANCREATIC TOXICITY,1,Pancreas & gallbladder,0.0
PANCREATICOBILIARY CARCINOMA,1,Pancreas & gallbladder,0.0
PANCREATITIS BACTERIAL,1,Pancreas & gallbladder,0.0
PAPILLARY CYSTADENOMA LYMPHOMATOSUM,1,Cancer & thyroid,0.0
PAPILLOMA,1,Other,0.0
PARACENTESIS EYE ABNORMAL,1,Eye,0.0
PARADOXICAL PSORIASIS,1,Other,0.0
PALATAL ULCER,1,Other,0.0
PALATAL DISORDER,1,Other,0.0
PAINFUL ERECTION,1,"General (tiredness, pain)",0.0
OSTEOSARCOMA,1,Other,0.0
OS TRIGONUM,1,Other,0.0
OSMOLAR GAP INCREASED,1,Other,0.0
OSTEITIS,1,Other,0.0
OSTEITIS DEFORMANS,1,Other,0.0
OSTEOCHONDRODYSPLASIA,1,Other,0.0
OSTEOLYSIS,1,Other,0.0
OSTEONECROSIS OF JAW,1,Other,0.0
OSTEOPETROSIS,1,Other,0.0
OSTEORRHAGIA,1,Other,0.0
OSTEOSCLEROSIS,1,Other,0.0
PACKAGING DESIGN ISSUE,1,Other,0.0
OSTOMY BAG PLACEMENT,1,Other,0.0
OVARIAN CANCER METASTATIC,1,Cancer & thyroid,0.0
OVARIAN CANCER STAGE III,1,Cancer & thyroid,0.0
OVARIAN CLEAR CELL CARCINOMA,1,Cancer & thyroid,0.0
OVARIAN EPITHELIAL CANCER,1,Cancer & thyroid,0.0
OVARIAN HAEMORRHAGE,1,Other,0.0
OVERLAP SYNDROME,1,Other,0.0
OVERSENSING,1,Other,0.0
OXYGEN SATURATION ABNORMAL,1,Other,0.0
PARAESTHESIA EAR,1,Nervous system,0.0
PARANEOPLASTIC SYNDROME,1,Other,0.0
PERITONEAL DIALYSIS,1,Other,0.0
PARANOID PERSONALITY DISORDER,1,Other,0.0
PERINEAL DISORDER,1,Other,0.0
PERINEPHRIC OEDEMA,1,Other,0.0
PERIODIC LIMB MOVEMENT DISORDER,1,Other,0.0
PERIORAL DERMATITIS,1,Other,0.0
PERIORBITAL DISCOMFORT,1,"General (tiredness, pain)",0.0
PERIORBITAL DISORDER,1,Other,0.0
PERIORBITAL FAT HERNIATION,1,Other,0.0
PERIORBITAL PAIN,1,"General (tiredness, pain)",0.0
PERIPHERAL ARTERY ANEURYSM,1,Other,0.0
PERIPHERAL ARTERY BYPASS,1,Other,0.0
PERIPHERAL ARTERY DISSECTION,1,Other,0.0
PERIPHERAL ARTERY THROMBOSIS,1,Heart & circulation,0.0
PERIPHERAL CIRCULATORY FAILURE,1,Other,0.0
PERIPHERAL NERVE OPERATION,1,Other,0.0
PERIPHERAL PARALYSIS,1,Other,0.0
PERIPHERAL PULSE DECREASED,1,Other,0.0
PERIPHERAL SPONDYLOARTHRITIS,1,"Muscle, bone & injury",0.0
PERIPHERAL VEIN OCCLUSION,1,Other,0.0
PERIPHERAL VEIN THROMBUS EXTENSION,1,Other,0.0
PERIPROSTHETIC FRACTURE,1,"Muscle, bone & injury",0.0
PERISTALSIS VISIBLE,1,Other,0.0
PERINEAL ABSCESS,1,Other,0.0
PERICARDIAL MASS,1,Other,0.0
PERFUME SENSITIVITY,1,Other,0.0
PATELLOFEMORAL PAIN SYNDROME,1,"General (tiredness, pain)",0.0
PARAPARESIS,1,Other,0.0
PARAPHIMOSIS,1,Other,0.0
PARATHYROID CYST,1,Cancer & thyroid,0.0
PARESIS,1,Other,0.0
PARONYCHIA,1,Other,0.0
PAROTID ABSCESS,1,Other,0.0
PAROTIDECTOMY,1,Other,0.0
PAROXYSMAL SYMPATHETIC HYPERACTIVITY,1,Other,0.0
PARVOVIRUS INFECTION,1,Infections & breathing,0.0
PATIENT ELOPEMENT,1,Other,0.0
PERCUTANEOUS CORONARY INTERVENTION,1,Other,0.0
PEDAL PULSE DECREASED,1,Other,0.0
PELVIC CONGESTION,1,Other,0.0
PELVIC CYST,1,Other,0.0
PENILE BURNING SENSATION,1,Nervous system,0.0
PENILE PAIN,1,"General (tiredness, pain)",0.0
PENILE PROSTHESIS INSERTION,1,Other,0.0
PENILE SIZE REDUCED,1,Other,0.0
PENILE SWELLING,1,"General (tiredness, pain)",0.0
PENIS DISORDER,1,Other,0.0
MEAN CELL HAEMOGLOBIN CONCENTRATION DECREASED,1,Other,0.0
MEAN CELL HAEMOGLOBIN CONCENTRATION ABNORMAL,1,Other,0.0
MEAN CELL HAEMOGLOBIN,1,Other,0.0
HYPOCHROMIC ANAEMIA,1,Other,0.0
HYPERECHOGENIC PANCREAS,1,Pancreas & gallbladder,0.0
HYPERFERRITINAEMIA,1,Other,0.0
HYPERINSULINAEMIA,1,Other,0.0
HYPERINSULINISM,1,Other,0.0
HYPERINTENSITY IN BRAIN DEEP NUCLEI,1,Other,0.0
HYPERMETABOLISM,1,Other,0.0
HYPERPHOSPHATURIA,1,Other,0.0
HYPERPLASIA,1,Other,0.0
HYPERPROLACTINAEMIA,1,Other,0.0
HYPERREFLEXIA,1,Other,0.0
HYPERSEXUALITY,1,Other,0.0
HYPERTELORISM,1,Other,0.0
HYPERTENSIVE CARDIOMYOPATHY,1,Other,0.0
HYPERTENSIVE NEPHROPATHY,1,"Blood sugar, fluids & kidney",0.0
HYPERTONIA,1,Other,0.0
HYPERTRICHOSIS,1,Other,0.0
HYPERTROPHY OF TONGUE PAPILLAE,1,Other,0.0
HYPERVITAMINOSIS B12,1,Other,0.0
HYPERVITAMINOSIS B6,1,Other,0.0
HYPHAEMA,1,Other,0.0
HYPNOPOMPIC HALLUCINATION,1,Other,0.0
HYPERCHLORAEMIA,1,Other,0.0
HYPERBILIRUBINAEMIA NEONATAL,1,Liver,0.0
HYPERALBUMINAEMIA,1,Other,0.0
HIGH CARBOHYDRATE DIET,1,Other,0.0
HEREDITARY DISORDER,1,Other,0.0
HEREDITARY MOTOR AND SENSORY NEUROPATHY,1,Nervous system,0.0
HEREDITARY NON-POLYPOSIS COLORECTAL CANCER SYNDROME,1,Gastrointestinal,0.0
HERPES DERMATITIS,1,Infections & breathing,0.0
HERPES OPHTHALMIC,1,Infections & breathing,0.0
HERPES SIMPLEX ENCEPHALITIS,1,Infections & breathing,0.0
HERPES ZOSTER REACTIVATION,1,Infections & breathing,0.0
HETEROGENEOUSLY DENSE BREASTS,1,Other,0.0
HETEROPHORIA,1,Other,0.0
HIGH RISK PREGNANCY,1,Other,0.0
HYDROCELE,1,Other,0.0
HILAR LYMPHADENOPATHY,1,Other,0.0
HISTAMINE ABNORMAL,1,Other,0.0
HISTOPLASMOSIS,1,Other,0.0
HIV TEST POSITIVE,1,Other,0.0
HIV VIRAEMIA,1,Other,0.0
HOLOPROSENCEPHALY,1,Other,0.0
HORMONE RECEPTOR POSITIVE HER2 NEGATIVE BREAST CANCER,1,Cancer & thyroid,0.0
HUMAN BITE,1,Other,0.0
HUMAN CHORIONIC GONADOTROPIN DECREASED,1,Other,0.0
HYPOCALCAEMIC SEIZURE,1,Nervous system,0.0
HYPOCITRATURIA,1,Other,0.0
HEREDITARY ALPHA TRYPTASAEMIA,1,Other,0.0
HYPOGLOSSAL NERVE PARESIS,1,Other,0.0
IMMUNE-MEDIATED HEPATITIS,1,Liver,0.0
IMMUNE-MEDIATED MYASTHENIA GRAVIS,1,"General (tiredness, pain)",0.0
IMMUNE-MEDIATED RENAL DISORDER,1,"Blood sugar, fluids & kidney",0.0
IMMUNE-MEDIATED VASCULITIS,1,Other,0.0
IMMUNODEFICIENCY CONGENITAL,1,Other,0.0
IMMUNOGLOBULINS DECREASED,1,Other,0.0
IMMUNOGLOBULINS INCREASED,1,Other,0.0
IMMUNOSUPPRESSANT DRUG LEVEL DECREASED,1,Other,0.0
IMMUNOSUPPRESSANT DRUG LEVEL INCREASED,1,Other,0.0
IMPAIRED SELF-CARE,1,Other,0.0
IMPLANT SITE ABSCESS,1,Other,0.0
IMPLANT SITE BRUISING,1,Other,0.0
IMPLANTABLE CARDIAC MONITOR REMOVAL,1,Heart & circulation,0.0
IMPLANTABLE DEFIBRILLATOR REPLACEMENT,1,Other,0.0
INADEQUATE ASEPTIC TECHNIQUE IN USE OF PRODUCT,1,"Dosing, device & product use",0.0
INAPPROPRIATE RELEASE OF PRODUCT FOR DISTRIBUTION,1,"Dosing, device & product use",0.0
INAPPROPRIATE SINUS TACHYCARDIA,1,Heart & circulation,0.0
INCARCERATED HIATUS HERNIA,1,Other,0.0
INCISION SITE DISCHARGE,1,Other,0.0
INCISION SITE HAEMATOMA,1,Other,0.0
INCISION SITE INFLAMMATION,1,"General (tiredness, pain)",0.0
IMMUNE-MEDIATED GASTROINTESTINAL DISORDER,1,Gastrointestinal,0.0
IMAGING PROCEDURE ABNORMAL,1,Other,0.0
ILIAC ARTERY STENOSIS,1,Other,0.0
HYPOSPADIAS,1,Other,0.0
HYPOGONADISM,1,Other,0.0
HYPOGONADISM MALE,1,Other,0.0
HYPOHIDROSIS,1,Other,0.0
HYPOINSULINAEMIA,1,Other,0.0
HYPOKALAEMIC SYNDROME,1,Other,0.0
HYPOLIPIDAEMIA,1,Other,0.0
HYPOPLASTIC LEFT HEART SYNDROME,1,Heart & circulation,0.0
HYPOPROTHROMBINAEMIA,1,Other,0.0
HYPORESPONSIVE TO STIMULI,1,Other,0.0
HYPOTONIA NEONATAL,1,Other,0.0
ILEOCOLECTOMY,1,Other,0.0
HYPOTRICHOSIS,1,Other,0.0
HYPOVENTILATION,1,Other,0.0
IATROGENIC INJURY,1,"Muscle, bone & injury",0.0
ICHTHYOSIS,1,Other,0.0
IDIOPATHIC INFLAMMATORY MYOPATHY,1,Other,0.0
IDIOPATHIC ORBITAL INFLAMMATION,1,"General (tiredness, pain)",0.0
IDIOPATHIC PNEUMONIA SYNDROME,1,Infections & breathing,0.0
IGG DEFICIENCY,1,Other,0.0
ILEOCAECAL VALVE LIPOMA,1,Other,0.0
HEREDITARY ATAXIA,1,Other,0.0
HEPATOBILIARY PROCEDURAL COMPLICATION,1,Pancreas & gallbladder,0.0
MAY-THURNER SYNDROME,1,Other,0.0
GRAFT VERSUS HOST DISEASE,1,Other,0.0
GENITAL LESION,1,Other,0.0
GENITAL NEOPLASM MALIGNANT FEMALE,1,Cancer & thyroid,0.0
GESTATIONAL HYPERTHYROIDISM,1,Cancer & thyroid,0.0
GINGIVAL CANCER,1,Cancer & thyroid,0.0
GINGIVAL HYPERTROPHY,1,Other,0.0
GINGIVAL OPERATION,1,Other,0.0
GINGIVAL PRURITUS,1,Skin & hair,0.0
GINGIVAL ULCERATION,1,Other,0.0
GLIOSIS,1,Other,0.0
GLOBULIN ABNORMAL,1,Other,0.0
GLOBULINS DECREASED,1,Other,0.0
GLOMERULONEPHRITIS,1,Other,0.0
GLOMERULONEPHRITIS CHRONIC,1,Other,0.0
GLOMERULONEPHRITIS MINIMAL LESION,1,Other,0.0
GLOMERULOSCLEROSIS,1,Other,0.0
GLOMUS TUMOUR,1,Cancer & thyroid,0.0
GLOSSECTOMY,1,Other,0.0
GLUCAGONOMA,1,Other,0.0
GLUCOCORTICOID DEFICIENCY,1,Other,0.0
GLUCOCORTICOIDS INCREASED,1,Other,0.0
GLYCOGENIC ACANTHOSIS,1,Other,0.0
GENITAL INFECTION,1,Infections & breathing,0.0
GENITAL DISCHARGE,1,Other,0.0
GENITAL BLISTER,1,Other,0.0
GASTROINTESTINAL TRACT MUCOSAL DISCOLOURATION,1,Gastrointestinal,0.0
GASTROENTERITIS LISTERIA,1,Gastrointestinal,0.0
GASTROENTERITIS NOROVIRUS,1,Gastrointestinal,0.0
GASTROENTERITIS RADIATION,1,Gastrointestinal,0.0
GASTROINTESTINAL EROSION,1,Gastrointestinal,0.0
GASTROINTESTINAL FISTULA,1,Gastrointestinal,0.0
GASTROINTESTINAL GANGRENE,1,Gastrointestinal,0.0
GASTROINTESTINAL MUCOSA HYPERAEMIA,1,Gastrointestinal,0.0
GASTROINTESTINAL POLYP HAEMORRHAGE,1,Gastrointestinal,0.0
GASTROINTESTINAL TRACT ADENOMA,1,Gastrointestinal,0.0
GASTROINTESTINAL TRACT MUCOSAL PIGMENTATION,1,Gastrointestinal,0.0
GENERALISED PUSTULAR PSORIASIS,1,Other,0.0
GASTROINTESTINAL VASCULAR MALFORMATION HAEMORRHAGIC,1,Gastrointestinal,0.0
GASTROLITHIASIS,1,Gastrointestinal,0.0
GASTROOESOPHAGEAL CANCER,1,Gastrointestinal,0.0
GASTROOESOPHAGEAL HAEMORRHAGE,1,Gastrointestinal,0.0
GASTROPARESIS POSTOPERATIVE,1,Gastrointestinal,0.0
GASTRORRHAPHY,1,Gastrointestinal,0.0
GASTROSCHISIS,1,Gastrointestinal,0.0
GAUCHER'S DISEASE,1,Other,0.0
GAZE PALSY,1,Other,0.0
GRAFT COMPLICATION,1,Other,0.0
GRAM STAIN POSITIVE,1,Other,0.0
HEPATOBILIARY INFECTION,1,Pancreas & gallbladder,0.0
GRANDIOSITY,1,Other,0.0
HANGNAIL,1,Other,0.0
HAPTOGLOBIN INCREASED,1,Other,0.0
HARVEY-BRADSHAW INDEX ABNORMAL,1,Other,0.0
HEAD BANGING,1,Other,0.0
HEARING AID THERAPY,1,Other,0.0
HEART RATE VARIABILITY INCREASED,1,Heart & circulation,0.0
HEART SOUNDS,1,Heart & circulation,0.0
HELMINTHIC INFECTION,1,Infections & breathing,0.0
HELPLESSNESS,1,Other,0.0
HEMIANOPIA HETERONYMOUS,1,Other,0.0
HEPATECTOMY,1,Liver,0.0
HEPATIC ARTERY OCCLUSION,1,Liver,0.0
HEPATIC CALCIFICATION,1,Liver,0.0
HEPATIC CANCER STAGE II,1,Liver,0.0
HEPATIC HAMARTOMA,1,Liver,0.0
HEPATIC NEOPLASM REMOVAL,1,Liver,0.0
HEPATITIS B REACTIVATION,1,Liver,0.0
HEPATITIS B SURFACE ANTIGEN POSITIVE,1,Liver,0.0
HEPATITIS C VIRUS TEST POSITIVE,1,Liver,0.0
HEPATITIS VIRAL,1,Liver,0.0
HEPATITIS VIRAL TEST POSITIVE,1,Liver,0.0
HAIR INJURY,1,"Muscle, bone & injury",0.0
HAIR GROWTH RATE ABNORMAL,1,Skin & hair,0.0
HAEMOSTASIS,1,Other,0.0
HAEMATOMA INFECTION,1,Infections & breathing,0.0
GRANULOCYTE COUNT DECREASED,1,Other,0.0
GRANULOMA ANNULARE,1,Other,0.0
GREY TURNER'S SIGN,1,Other,0.0
GRIMACING,1,Other,0.0
GROIN ABSCESS,1,Other,0.0
H3N2 INFLUENZA,1,Infections & breathing,0.0
HAEMANGIOMA OF RETINA,1,Eye,0.0
HAEMANGIOMA OF SKIN,1,Skin & hair,0.0
HAEMATOCRIT ABNORMAL,1,Other,0.0
HAEMATOMA MUSCLE,1,"Muscle, bone & injury",0.0
HAEMORRHAGIC THYROID CYST,1,Cancer & thyroid,0.0
HAEMOCONCENTRATION,1,Other,0.0
HAEMODYNAMIC TEST ABNORMAL,1,Other,0.0
HAEMOGLOBIN ABNORMAL,1,Other,0.0
HAEMOLYTIC URAEMIC SYNDROME,1,Other,0.0
HAEMOPHAGOCYTIC LYMPHOHISTIOCYTOSIS,1,Other,0.0
HAEMORRHAGE CORONARY ARTERY,1,Other,0.0
HAEMORRHAGIC ARTERIOVENOUS MALFORMATION,1,Other,0.0
HAEMORRHAGIC CHOLECYSTITIS,1,Pancreas & gallbladder,0.0
HAEMORRHAGIC DISORDER,1,Other,0.0
INCISION SITE PAIN,1,"General (tiredness, pain)",0.0
INCISION SITE SEROMA,1,Other,0.0
INCISION SITE VESICLES,1,Other,0.0
LYMPHANGIECTASIA INTESTINAL,1,Gastrointestinal,0.0
LIVER SCAN,1,Liver,0.0
LIVER TENDERNESS,1,Liver,0.0
LOCAL ANAESTHESIA,1,Other,0.0
LOCALISED MELANOMA,1,Other,0.0
LONG QT SYNDROME,1,Other,0.0
LOOSE ASSOCIATIONS,1,Other,0.0
LOSS OF BLADDER SENSATION,1,Other,0.0
LOSS OF CONTROL OF LEGS,1,Other,0.0
LOSS OF DREAMING,1,Other,0.0
LOWER RESPIRATORY TRACT INFECTION VIRAL,1,Infections & breathing,0.0
LUDWIG ANGINA,1,Other,0.0
LUMBAR CANAL RECALIBRATION,1,Other,0.0
LUMBAR HERNIA,1,Other,0.0
LUMBOSACRAL PLEXOPATHY,1,Other,0.0
LUMBOSACRAL RADICULOPATHY,1,Other,0.0
LUNG ADENOCARCINOMA RECURRENT,1,Cancer & thyroid,0.0
LUNG CONSOLIDATION,1,Other,0.0
LUNG CYST,1,Other,0.0
LUNG HYPERINFLATION,1,Other,0.0
LUNG OPACITY,1,Other,0.0
LUNG PERFORATION,1,Other,0.0
LIVER CONTUSION,1,Liver,0.0
LITHOTRIPSY,1,Other,0.0
LIPOPROTEIN ABNORMAL,1,Other,0.0
LEVATOR SYNDROME,1,Other,0.0
LARYNGITIS VIRAL,1,Other,0.0
LEFT VENTRICULAR ENLARGEMENT,1,Other,0.0
LENS DISLOCATION,1,Eye,0.0
LENS EXTRACTION,1,Eye,0.0
LEPTIN LEVEL DECREASED,1,Other,0.0
LEPTOSPIROSIS,1,Other,0.0
LESION EXCISION,1,Other,0.0
LEUKAEMIA RECURRENT,1,Other,0.0
LEUKODERMA,1,Other,0.0
LICHEN PLANOPILARIS,1,Other,0.0
LIPOMATOSIS,1,Other,0.0
LICHEN PLANUS PEMPHIGOIDES,1,Other,0.0
LIFE SUPPORT,1,Other,0.0
LIGAMENT PAIN,1,"General (tiredness, pain)",0.0
LINITIS PLASTICA,1,Other,0.0
LIP AND/OR ORAL CAVITY CANCER STAGE I,1,Cancer & thyroid,0.0
LIP NEOPLASM MALIGNANT STAGE UNSPECIFIED,1,Cancer & thyroid,0.0
LIPIDS DECREASED,1,Other,0.0
LIPOLYSIS PROCEDURE,1,Other,0.0
LIPOMA EXCISION,1,Other,0.0
LYMPH GLAND INFECTION,1,Infections & breathing,0.0
LYMPHANGIOMA,1,Other,0.0
INCISIONAL HERNIA REPAIR,1,Other,0.0
LYMPHANGITIS,1,Other,0.0
MALIGNANT MELANOMA IN SITU,1,Cancer & thyroid,0.0
MALIGNANT MELANOMA STAGE III,1,Cancer & thyroid,0.0
MALIGNANT MESENTERIC NEOPLASM,1,Cancer & thyroid,0.0
MALIGNANT MIDDLE CEREBRAL ARTERY SYNDROME,1,Cancer & thyroid,0.0
MALIGNANT NEOPLASM OF EYE,1,Cancer & thyroid,0.0
MALIGNANT NEOPLASM OF ISLETS OF LANGERHANS,1,Cancer & thyroid,0.0
MALIGNANT NEOPLASM OF UNKNOWN PRIMARY SITE,1,Cancer & thyroid,0.0
MALIGNANT NEOPLASM PAPILLA OF VATER,1,Cancer & thyroid,0.0
MALIGNANT SPINAL CORD COMPRESSION,1,Cancer & thyroid,0.0
MALOCCLUSION,1,Other,0.0
MANTLE CELL LYMPHOMA,1,Cancer & thyroid,0.0
MANUFACTURING EQUIPMENT CLEANING ISSUE,1,Other,0.0
MANUFACTURING EQUIPMENT ISSUE,1,Other,0.0
MANUFACTURING MATERIALS ISSUE,1,Other,0.0
MARGINAL ZONE LYMPHOMA,1,Cancer & thyroid,0.0
MARROW HYPERPLASIA,1,Other,0.0
MASSAGE,1,Other,0.0
MASTOCYTOSIS,1,Other,0.0
MASTOIDECTOMY,1,Other,0.0
MATERNAL CONDITION AFFECTING FOETUS,1,Other,0.0
MAXILLARY SINUS FLOOR AUGMENTATION,1,Other,0.0
MALIGNANT LYMPHOID NEOPLASM,1,Cancer & thyroid,0.0
MALIGNANT HYPERTENSION,1,Cancer & thyroid,0.0
MALIGNANT CONNECTIVE TISSUE NEOPLASM,1,Cancer & thyroid,0.0
MACULAR CYST,1,Eye,0.0
LYMPHATIC OBSTRUCTION,1,Other,0.0
LYMPHATIC SYSTEM NEOPLASM,1,Cancer & thyroid,0.0
LYMPHOCYTE ADOPTIVE THERAPY,1,Other,0.0
LYMPHOCYTE COUNT ABNORMAL,1,Other,0.0
LYMPHOID HYPERPLASIA OF INTESTINE,1,Gastrointestinal,0.0
LYMPHOMA OPERATION,1,Cancer & thyroid,0.0
LYMPHOSTASIS,1,Other,0.0
MACROANGIOPATHY,1,Other,0.0
MACROGLOSSIA,1,Other,0.0
MACULAR DYSTROPHY CONGENITAL,1,Eye,0.0
MALIGNANT CATATONIA,1,Cancer & thyroid,0.0
MACULAR ISCHAEMIA,1,Eye,0.0
MACULAR PIGMENTARY CHANGES,1,Eye,0.0
MACULAR PSEUDOHOLE,1,Eye,0.0
MACULAR SCAR,1,Eye,0.0
MACULAR TELANGIECTASIA,1,Eye,0.0
MAGNETIC RESONANCE IMAGING ABNORMAL,1,Other,0.0
MALIGNANT ANORECTAL NEOPLASM,1,Gastrointestinal,0.0
MALIGNANT ASCITES,1,Cancer & thyroid,0.0
MALIGNANT BILIARY OBSTRUCTION,1,Pancreas & gallbladder,0.0
LARYNGEAL PAIN,1,"General (tiredness, pain)",0.0
LARYNGEAL NEOPLASM,1,Cancer & thyroid,0.0
LARYNGEAL INFLAMMATION,1,"General (tiredness, pain)",0.0
LARYNGEAL DYSKINESIA,1,Skin & hair,0.0
INJECTION SITE TELANGIECTASIA,1,Injection site,0.0
INJURY CORNEAL,1,"Muscle, bone & injury",0.0
INSULIN C-PEPTIDE ABNORMAL,1,Other,0.0
INSULIN-LIKE GROWTH FACTOR DECREASED,1,Other,0.0
INSULIN-LIKE GROWTH FACTOR INCREASED,1,Other,0.0
INTENSIVE CARE UNIT ACQUIRED WEAKNESS,1,Other,0.0
INTENTION TREMOR,1,Nervous system,0.0
INTENTIONAL DEVICE USE ISSUE,1,"Dosing, device & product use",0.0
INTERVERTEBRAL DISC DISPLACEMENT,1,Other,0.0
INTESTINAL ANASTOMOSIS,1,Gastrointestinal,0.0
INTESTINAL ANGIOEDEMA,1,Gastrointestinal,0.0
INTESTINAL ATRESIA,1,Gastrointestinal,0.0
INTESTINAL BARRIER DYSFUNCTION,1,Gastrointestinal,0.0
INTESTINAL CONGESTION,1,Gastrointestinal,0.0
INTESTINAL CYST,1,Gastrointestinal,0.0
INTESTINAL METAPLASIA,1,Gastrointestinal,0.0
INTESTINAL OPERATION,1,Gastrointestinal,0.0
INTESTINAL PROLAPSE,1,Gastrointestinal,0.0
INTESTINAL TRANSIT TIME DECREASED,1,Gastrointestinal,0.0
INTESTINAL ULCER PERFORATION,1,Gastrointestinal,0.0
INTRA-CEREBRAL ANEURYSM OPERATION,1,Other,0.0
INJECTION SITE EROSION,1,Injection site,0.0
INGUINAL HERNIA STRANGULATED,1,Other,0.0
INGUINAL HERNIA REPAIR,1,Other,0.0
INFECTIVE EXACERBATION OF CHRONIC OBSTRUCTIVE AIRWAYS DISEASE,1,Other,0.0
INCORRECT DRUG ADMINISTRATION RATE,1,"Dosing, device & product use",0.0
INCREASED BRONCHIAL SECRETION,1,Infections & breathing,0.0
INCREASED STEROID ACTIVITY,1,Other,0.0
INFANTILE COLIC,1,Other,0.0
INFECTED FISTULA,1,Other,0.0
INFECTED SKIN ULCER,1,Skin & hair,0.0
INFECTION PROTOZOAL,1,Infections & breathing,0.0
INFECTIOUS PLEURAL EFFUSION,1,Other,0.0
INFECTIOUS THYROIDITIS,1,Cancer & thyroid,0.0
INFERIOR VENA CAVAL OCCLUSION,1,Other,0.0
INGROWN HAIR,1,Skin & hair,0.0
INFLAMMATION OF WOUND,1,"General (tiredness, pain)",0.0
INFLUENZA B VIRUS TEST POSITIVE,1,Infections & breathing,0.0
INFLUENZA VIRUS TEST POSITIVE,1,Infections & breathing,0.0
INFRAPATELLAR FAT PAD INFLAMMATION,1,"General (tiredness, pain)",0.0
INFUSION SITE DISCOLOURATION,1,Other,0.0
INFUSION SITE ERYTHEMA,1,Skin & hair,0.0
INFUSION SITE IRRITATION,1,Other,0.0
INFUSION SITE SWELLING,1,"General (tiredness, pain)",0.0
INFUSION SITE WARMTH,1,Other,0.0
INTRACARDIAC THROMBUS,1,Heart & circulation,0.0
INTRACRANIAL VENOUS SINUS STENOSIS,1,Other,0.0
INTRADUCTAL PAPILLARY-MUCINOUS CARCINOMA OF PANCREAS,1,Pancreas & gallbladder,0.0
KLEBSIELLA TEST POSITIVE,1,Other,0.0
KERATORHEXIS,1,Other,0.0
KERATOSIS PILARIS,1,Other,0.0
KIDNEY CONGESTION,1,"Blood sugar, fluids & kidney",0.0
KIDNEY CONTUSION,1,"Blood sugar, fluids & kidney",0.0
KIDNEY FIBROSIS,1,"Blood sugar, fluids & kidney",0.0
KIDNEY RUPTURE,1,"Blood sugar, fluids & kidney",0.0
KIDNEY SMALL,1,"Blood sugar, fluids & kidney",0.0
KIDNEY TRANSPLANT REJECTION,1,"Blood sugar, fluids & kidney",0.0
KLEBSIELLA SEPSIS,1,Infections & breathing,0.0
KORSAKOFF'S SYNDROME,1,Other,0.0
JUVENILE IDIOPATHIC ARTHRITIS,1,"Muscle, bone & injury",0.0
LABIA ENLARGED,1,Other,0.0
LABILE HYPERTENSION,1,Heart & circulation,0.0
LACK OF ADMINISTRATION SITE ROTATION,1,Other,0.0
LACK OF SPONTANEOUS SPEECH,1,Other,0.0
LACRIMAL DISORDER,1,Other,0.0
LACRIMAL DUCT PROCEDURE,1,Other,0.0
LACTATION DISORDER,1,Other,0.0
LAMINOPLASTY,1,Other,0.0
LARGE FIBRE NEUROPATHY,1,Nervous system,0.0
KERATITIS INTERSTITIAL,1,Other,0.0
JUGULAR VEIN THROMBOSIS,1,Heart & circulation,0.0
INTRANASAL SCARRING,1,Other,0.0
IRON BINDING CAPACITY TOTAL DECREASED,1,Other,0.0
INTRAOCULAR HAEMATOMA,1,Other,0.0
INTRAOCULAR PRESSURE TEST,1,Other,0.0
INTRATHECAL PUMP INSERTION,1,Other,0.0
INTRAUTERINE CONTRACEPTION,1,Other,0.0
INTRAVENTRICULAR HAEMORRHAGE,1,Other,0.0
IRIS MELANOMA,1,Other,0.0
IRIS NEOVASCULARISATION,1,Other,0.0
IRITIS,1,Other,0.0
IRLEN SYNDROME,1,Other,0.0
IRON BINDING CAPACITY TOTAL INCREASED,1,Other,0.0
JUGULAR VEIN OCCLUSION,1,Other,0.0
IRON OVERLOAD,1,Other,0.0
ISCHAEMIC GASTRITIS,1,Gastrointestinal,0.0
JANUS KINASE 2 MUTATION,1,Other,0.0
JAUNDICE HEPATOCELLULAR,1,Liver,0.0
JAW FRACTURE,1,"Muscle, bone & injury",0.0
JOINT LAXITY,1,"Muscle, bone & injury",0.0
JOINT NEOPLASM,1,Cancer & thyroid,0.0
JOINT VIBRATION,1,"Muscle, bone & injury",0.0
JOINT WARMTH,1,"Muscle, bone & injury",0.0
ZOONOSIS,1,Other,0.0
